,Unnamed: 0,Unnamed: 0.1,Unnamed: 0.1.1,Unnamed: 0.1.1.1,Unnamed: 0.1.1.1.1,Player,TOI/GP_x,Goals/60_x,Total Assists/60_x,IPP_x,Shots/60_x,SH%_x,ixG/60_x,iCF/60_x,iSCF/60_x,iHDCF/60_x,Hits/60_x,Shots Blocked/60_x,TOI/GP_y,Goals/60_y,Total Assists/60_y,IPP_y,Shots/60_y,SH%_y,ixG/60_y,iCF/60_y,iSCF/60_y,iHDCF/60_y,Hits/60_y,Shots Blocked/60_y,Goal_Proj,Assist_Proj,Shots_Proj,Hits_Proj,Shots_Blocked_Proj,TOI_GP_Proj
0,0,0,0,0,2,Ryan Suter,23.652235772358,0.22,0.77,35.16,3.65,5.93,0.2,8.2,2.44,0.4,1.42,2.72,20.379471544715,0.11,0.79,32.89,3.3,3.26,0.16,8.47,2.23,0.39,2.91,4.13,0.161704389520026,0.7576962833992715,3.727232742496304,2.718503513815404,3.880977277220451,20.252724327280735
1,1,1,1,1,3,Brent Burns,26.138617886179,0.28,1.23,46.96,5.68,4.93,0.26,12.49,3.25,0.31,1.54,4.2,23.215243902439,0.57,1.36,53.51,8.04,7.06,0.39,17.46,4.85,0.76,1.26,2.71,0.4143681064989994,1.3096624621209616,6.761073850450092,1.5045974103283482,3.461169161501777,22.731224754119395
2,2,2,2,2,4,Mark Giordano,20.88,0.31,1.03,42.17,5.79,5.3,0.25,13.33,3.26,0.27,2.87,5.33,18.950427350427,0.16,0.81,34.29,4.38,3.7,0.2,9.42,2.56,0.32,2.44,5.97,0.2321774828160905,0.9172070726651014,4.922123509105028,2.598113361672811,5.56547454145444,18.99597326868928
3,3,3,3,3,5,Alex Goligoski,18.94537037037,0.09,1.23,30.93,3.52,2.5,0.14,7.61,2.46,0.18,2.46,4.22,17.666666666667,0.15,0.3,20.69,4.65,3.17,0.18,8.56,1.85,0.59,2.44,4.95,0.1662251489981258,0.8201905338842475,4.00949601750885,2.53284399468617,4.716527714675008,17.869824118784823
4,4,4,4,4,6,Alexander Edler,18.462601626016,0.24,1.27,46.34,4.28,5.56,0.18,9.43,3.25,0.79,4.44,5.55,14.774479166667,0.13,0.57,25.58,3.55,3.57,0.1,9.77,2.54,0.13,6.73,6.6,0.1712210032939982,0.7587496679888484,3.474983092570252,6.053871544565638,5.972544307521533,15.352487345899457
5,5,5,5,5,7,Jack Johnson,16.743243243243,0.05,0.39,20.45,2.76,1.75,0.09,6.05,1.5,0.15,4.41,3.29,19.143172690763,0.08,0.23,17.78,3.47,2.17,0.13,6.53,1.43,0.38,4.42,4.8,0.0973404611775282,0.4172253782212272,3.523497699009788,4.322882671236553,4.39853774523876,19.14247471421069
6,6,6,6,6,8,Marc Staal,17.420892018779,0.15,0.63,25.4,3.69,3.95,0.18,6.84,2.33,0.44,4.56,3.64,18.193699186992,0.12,0.48,21.13,2.21,5.45,0.19,6.43,2.29,0.72,6.11,4.91,0.1749944956013308,0.6462464962135079,3.965178561791354,5.609662176129777,4.548100967069972,18.320325099727476
7,7,7,7,7,9,Marc-Edouard Vlasic,15.211111111111,0.16,0.58,50.0,3.31,4.76,0.14,7.63,2.52,0.53,2.84,4.73,17.470512820513,0.04,0.75,36.73,2.95,1.49,0.19,7.88,2.6,0.75,1.98,5.11,0.1546309946596835,0.6161393164977794,3.727916005277184,2.249589497901695,4.934303215384652,17.680214755844535
8,8,8,8,8,10,Kris Letang,25.77735042735,0.3,1.73,47.89,6.39,4.67,0.31,12.03,3.49,0.42,5.1,3.64,24.857552083333,0.45,1.09,42.27,6.07,7.45,0.32,14.11,4.11,0.72,6.11,4.07,0.3808146817433108,1.3167826333316464,6.247221369584079,5.695626708258523,4.0792307285100255,24.15743589014216
9,9,9,9,9,14,Erik Johnson,17.286363636364,0.36,0.77,35.71,6.27,5.76,0.28,11.72,3.25,0.54,7.44,6.13,17.254497354497,0.0,0.44,19.51,5.41,0.0,0.22,10.05,3.15,0.72,6.68,5.63,0.2360416751320573,0.697319022134909,4.843671433606308,6.494088359436986,5.577210411143778,17.502964821030517
10,10,10,10,10,15,Jeff Petry,22.121078431373,0.24,0.84,38.57,4.95,4.84,0.2,10.61,2.43,0.32,5.58,4.67,22.343169398907,0.22,1.14,43.06,4.97,4.42,0.26,11.14,2.42,0.31,8.36,4.89,0.2365323269699681,0.9622274468141104,4.884922415311722,7.453415988682204,4.796390116150253,21.9524301207086
11,11,11,11,11,16,Ian Cole,17.153555555556,0.09,0.79,35.19,3.59,2.6,0.13,8.39,0.93,0.05,5.13,4.85,19.386324786325,0.12,0.56,25.76,4.33,2.75,0.2,8.65,2.62,0.56,4.64,4.88,0.1518368189573509,0.6133126783794196,4.139830224277539,4.601903291788081,4.8361495807163495,19.35599803205165
12,12,12,12,12,17,Justin Braun,19.546618357488,0.27,0.53,39.13,3.25,8.22,0.1,7.12,1.38,0.13,3.87,5.38,14.982679738562,0.0,0.16,8.0,3.3,0.0,0.11,7.85,2.12,0.0,3.69,3.85,0.0829624221866904,0.435540302008487,2.776877941356617,3.691404919120068,4.394730160479445,15.539054949182349
13,13,13,13,13,18,Kevin Shattenkirk,21.417073170732,0.27,0.92,39.33,5.57,4.91,0.28,10.08,3.25,0.58,2.49,4.61,19.303333333333,0.17,0.95,42.19,6.01,2.76,0.23,11.52,2.74,0.41,3.27,4.77,0.2538703596311184,0.9044045006600964,4.8812500520815245,3.15786086036888,4.714294902458704,19.30557856168061
14,14,14,14,14,20,Brendan Smith,13.918148148148,0.38,0.38,32.0,6.04,6.35,0.26,12.26,2.49,0.19,6.99,3.83,15.553333333333,0.0,0.32,14.71,3.73,0.0,0.24,8.23,3.66,0.9,6.56,4.89,0.2284271562041397,0.5560442297004884,5.0864869922346845,6.332777843304315,4.584797601588471,16.006554876702555
15,15,15,15,15,22,Ryan McDonagh,22.442957746479,0.15,0.83,41.27,3.2,4.71,0.19,6.78,2.15,0.56,3.61,5.16,21.529107981221,0.08,0.71,30.3,3.06,2.56,0.23,6.99,2.36,0.55,2.47,6.48,0.1844905387863307,0.7349188169125792,3.845129262763277,2.738334960911142,5.807323463109285,21.246212306434078
16,16,16,16,16,24,Nick Holden,19.848684210526,0.2,0.56,33.33,2.98,6.67,0.14,6.72,1.99,0.32,4.57,4.45,16.707179487179,0.11,0.77,41.03,4.03,2.74,0.18,8.23,2.1,0.39,4.36,3.81,0.141402117563702,0.7227760815960593,3.4145621799425427,4.303516940706453,4.138139865140332,17.040118152772692
17,17,17,17,17,25,Drew Doughty,25.741452991453,0.42,1.43,52.54,5.92,7.07,0.34,10.94,4.6,0.72,3.59,3.17,26.229012345679,0.25,1.21,44.07,4.09,6.21,0.28,8.19,2.82,0.59,3.25,2.94,0.3366938527308034,1.2698459200416388,5.576813698639528,3.318028228515799,3.3300975720614825,25.3497932226386
18,18,18,18,18,26,Alex Pietrangelo,24.644791666667,0.4,0.94,42.31,6.91,5.73,0.38,13.88,3.68,0.33,2.01,4.99,23.981278538813,0.38,1.47,51.92,5.83,6.47,0.35,11.48,2.84,0.55,2.23,6.07,0.3801024784121006,1.244615987072544,6.649130830358445,2.304278424034464,5.535647837769903,23.389704118474288
19,19,19,19,19,27,Zach Bogosian,15.3625,0.24,0.41,34.78,4.88,5.0,0.21,8.79,3.01,0.41,9.28,2.77,14.975,0.09,0.35,20.0,4.7,1.85,0.17,10.19,3.4,0.44,9.93,4.36,0.1937339833986721,0.5140141467966763,4.362338672233476,9.215659289507546,4.021953206502447,15.511037090083722
20,20,20,20,20,28,Luke Schenn,17.204545454545,0.26,0.63,36.96,4.12,6.41,0.2,8.61,1.48,0.16,14.43,5.07,16.354761904762,0.21,0.94,40.0,4.25,4.94,0.14,9.28,1.68,0.26,16.67,5.14,0.1560977689960143,0.7058852532467813,3.847536317439997,15.072162521383238,5.036693170274894,16.72019100034858
21,21,21,21,21,29,Tyler Myers,21.983130081301,0.03,0.57,23.38,4.26,0.78,0.21,8.55,3.2,0.5,4.83,4.93,20.90641025641,0.04,0.59,24.29,3.68,1.0,0.21,8.02,2.5,0.37,3.42,5.3,0.1792162830253346,0.6694921214860623,4.376634078900558,3.642465590458508,5.090736368049825,20.70240610343858
22,22,22,22,22,30,Erik Karlsson,23.470333333333,0.51,1.28,53.85,5.98,8.55,0.38,12.68,5.37,0.97,0.92,2.3,25.615040650407,0.71,2.17,67.33,5.97,11.96,0.37,14.43,5.77,0.97,0.94,2.57,0.5104039950123699,1.6007457902810998,7.34568217040202,1.1667683092239547,2.9044220054710896,24.80433663012196
23,23,23,23,23,31,John Carlson,23.810897435897,0.55,1.74,55.47,6.3,8.72,0.42,12.53,3.68,0.71,2.36,3.62,23.389583333333,0.58,1.28,46.77,7.95,7.26,0.55,16.74,5.84,0.64,2.69,5.58,0.576491715765903,1.5810661379018311,7.981269365850492,2.703744232770762,4.917042883193695,22.870948035764158
24,24,24,24,24,32,Roman Josi,25.547291666667,0.68,2.14,63.16,8.25,8.19,0.46,16.53,4.52,0.82,1.94,3.9,25.167164179104,0.64,1.46,57.84,9.57,6.69,0.6,19.29,7.01,1.46,1.81,5.2,0.673742665115501,1.7922931625432497,9.383364389279516,1.9792779524844928,4.775465756318123,24.425482831145548
25,25,25,25,25,33,Justin Schultz,16.920045045045,0.19,0.91,43.4,4.41,4.35,0.28,9.82,3.59,0.62,1.92,4.17,17.789497716895,0.32,1.25,42.5,4.53,7.14,0.25,9.93,2.82,0.69,1.39,3.33,0.2796439310769256,1.0185656029884247,5.022035535315322,1.6622371598353332,3.799683176347388,17.966301058935585
26,26,26,26,26,34,Travis Hamonic,18.845736434109,0.3,0.44,27.78,6.07,4.88,0.26,12.66,3.18,0.3,5.4,6.89,18.560222222222,0.26,0.65,35.59,5.86,4.41,0.21,11.94,2.67,0.47,4.7,6.16,0.255459252898709,0.7281185818137672,5.215488393179957,4.689722260865146,6.064486051029165,18.64629882076253
27,27,27,27,27,36,TJ Brodie,21.311382113821,0.14,0.82,31.82,2.33,5.88,0.11,5.42,1.41,0.38,1.82,3.64,21.217528735632,0.1,0.59,28.0,2.83,3.45,0.12,4.92,1.46,0.34,2.29,5.41,0.0953553998267181,0.6522372457235912,2.70793879347798,2.3188683472240768,4.827190394784225,20.969510184398203
28,28,28,28,28,38,Jared Spurgeon,21.157179487179,0.44,1.31,38.83,5.06,8.62,0.27,10.21,3.1,0.52,1.92,3.62,21.812025316456,0.38,0.8,38.64,5.19,7.38,0.36,10.1,3.48,1.04,2.3,6.23,0.3701617721947831,1.2172658623125023,5.671153074047711,2.342260488861145,5.279859139222225,21.485662644111738
29,29,29,29,29,39,Victor Hedman,25.075,0.58,1.9,53.13,6.39,9.13,0.42,13.48,4.87,0.96,2.71,3.76,23.719078947368,0.3,1.33,44.55,6.16,4.86,0.35,13.21,4.43,0.57,3.16,4.53,0.438138026873394,1.5090570588783294,6.42986151271338,3.11068282534251,4.366220504087394,23.163905087439552
30,30,30,30,30,40,Oliver Ekman-Larsson,22.313080168776,0.17,0.82,36.71,5.72,2.98,0.24,11.98,2.83,0.31,3.57,2.69,20.175925925926,0.11,1.1,44.0,4.96,2.22,0.19,10.85,2.81,0.28,3.19,2.37,0.1967829756486339,0.8475112541622074,4.732623420495454,3.2700076539427845,2.891025616146216,20.068903124962805
31,31,31,31,31,41,Calvin de Haan,18.957729468599,0.18,0.18,20.0,4.91,3.74,0.19,10.32,2.57,0.28,6.7,7.89,13.533018867925,0.17,0.84,37.5,4.27,3.92,0.26,12.8,4.02,0.84,7.03,4.1,0.2309145158396223,0.6888603141556852,5.102355073148226,6.637832545945698,5.166533459515229,14.27551244943614
32,32,32,32,32,42,Dmitry Kulikov,18.195833333333,0.29,0.7,34.78,3.05,9.46,0.19,6.92,2.1,0.45,4.12,4.25,19.474129353234,0.14,0.6,33.33,3.86,3.57,0.19,6.81,2.12,0.55,4.41,4.97,0.1673852788985667,0.7671179003906218,3.1594324295335308,4.269243749776408,4.735248167303642,19.43766353877754
33,33,33,33,33,43,Nick Leddy,21.412,0.11,0.78,35.82,2.65,4.23,0.12,5.16,1.35,0.22,1.38,2.5,21.124786324786,0.07,0.76,29.49,2.88,2.53,0.16,5.97,2.0,0.29,1.57,3.5,0.113195016099765,0.6743205960645964,3.390519192837955,1.7107827367446595,3.4739075111533584,20.88938006573541
34,34,34,34,34,44,Brayden McNabb,19.7,0.13,0.66,30.51,3.75,3.53,0.17,8.61,2.03,0.35,6.8,7.9,19.843699186992,0.04,0.59,22.97,3.28,1.12,0.15,8.08,2.06,0.26,7.41,7.26,0.1310498665655397,0.5994432225756465,3.6687742409925983,6.93771768949436,6.932897601175999,19.766691137562834
35,35,35,35,35,45,Tyson Barrie,18.960502283105,0.3,1.47,42.27,6.46,4.7,0.32,12.87,2.69,0.26,1.17,3.16,19.778431372549,0.46,1.5,47.83,5.82,7.98,0.34,11.74,2.68,0.61,1.96,3.21,0.3599439987635182,1.366714079685199,6.221439092155038,1.968790654943749,3.478286904520492,19.70616650418897
36,36,36,36,36,46,Dmitry Orlov,20.962719298246,0.45,0.87,39.77,4.78,9.45,0.25,8.96,2.86,0.64,4.67,3.54,22.545454545455,0.28,1.17,51.43,5.0,5.65,0.28,9.6,3.51,0.77,5.52,3.43,0.3000534019884247,1.046739565859891,4.96056764034677,5.186279223420097,3.6968066759689022,22.12241736270592
37,37,37,37,37,47,Brian Dumoulin,21.81798245614,0.11,0.54,21.95,3.29,3.3,0.16,6.69,1.52,0.36,3.18,5.03,20.640853658537,0.04,0.85,35.71,2.91,1.22,0.14,6.7,2.16,0.39,4.36,5.03,0.1141243154005541,0.6093230569343236,3.5481017255691025,4.08223786726394,4.965217662151008,20.47065155971362
38,38,38,38,38,48,Mattias Ekholm,23.478289473684,0.2,0.84,36.05,4.88,4.14,0.35,10.46,3.03,0.71,2.66,3.23,21.447863247863,0.32,0.82,36.78,4.84,6.67,0.28,10.26,3.23,0.93,3.26,3.73,0.3160220644780342,0.8538503410997669,5.248124250890108,3.177450984796185,3.7861726188901295,21.18084715187068
39,39,39,39,39,49,Chris Wideman,14.876041666667,0.25,1.45,55.1,4.79,5.26,0.2,9.33,2.33,0.25,2.77,2.9,13.511956521739,0.0,0.58,22.22,2.99,0.0,0.09,6.47,1.35,0.19,2.41,4.92,0.1190172515943258,0.7752210282304812,3.4439295128277694,2.559775652364846,4.367279826129353,14.236380289875074
40,40,40,40,40,50,David Savard,20.790591397849,0.14,0.65,36.96,3.07,4.55,0.22,5.91,2.0,0.98,6.24,5.91,22.387096774194,0.13,0.73,41.67,2.72,4.76,0.11,5.32,1.73,0.43,2.64,7.61,0.1479075176637565,0.5075580563213058,3.03451695582106,3.284051396296364,6.62698745774509,21.983840952927032
41,41,41,41,41,51,Ben Chiarot,22.848873873874,0.32,0.6,39.39,5.07,6.29,0.2,9.51,2.91,0.57,5.57,4.61,20.607675438596,0.19,0.54,33.93,4.21,4.55,0.22,8.85,2.15,0.27,5.63,6.24,0.2332659101984262,0.70163649040904,4.471610842876858,5.411754065824608,5.53481781993861,20.447059544771943
42,42,42,42,42,52,Nick Jensen,19.345394736842,0.2,0.65,28.38,3.59,5.68,0.16,8.33,2.16,0.41,5.51,3.75,20.616666666667,0.19,0.91,49.15,4.12,4.59,0.21,9.71,2.65,0.45,4.04,4.84,0.1892915011918589,0.8185299419133015,4.023234927510265,4.214029821307327,4.536736990763543,20.437009192922602
43,43,43,43,43,53,Brenden Dillon,18.832700421941,0.12,0.69,28.99,3.43,3.53,0.16,8.19,2.06,0.2,8.55,4.36,19.588414634146,0.07,0.78,38.33,3.1,2.41,0.13,7.62,1.79,0.22,7.4,4.03,0.1161141250815898,0.6897894696339196,3.630019067738252,7.208833667187256,4.238268586774413,19.540287409740998
44,44,44,44,44,54,Radko Gudas,18.015151515152,0.13,0.56,21.05,4.33,3.0,0.16,9.6,2.08,0.26,15.36,5.1,17.36087962963,0.1,0.72,32.69,5.28,1.82,0.18,11.81,2.26,0.43,14.98,5.95,0.1547803295053859,0.6849154246704162,4.134675996788821,13.957312080747505,5.496374918692049,17.599185525619873
45,45,45,45,45,56,Justin Holl,20.208695652174,0.13,0.86,32.39,2.75,4.69,0.15,5.51,2.02,0.47,5.55,4.48,20.241458333333,0.07,0.59,24.66,2.22,3.33,0.13,4.04,1.3,0.48,5.59,5.15,0.113640752059385,0.6751434891955951,3.041475421463536,5.37867905892249,4.893656406934595,20.115153346264865
46,46,46,46,46,57,Patrik Nemeth,16.634656084656,0.11,0.29,20.59,2.98,3.85,0.14,6.53,1.43,0.34,6.58,5.84,17.770888888889,0.0,0.23,14.71,2.79,0.0,0.1,6.26,1.67,0.32,5.22,5.31,0.0801358188889329,0.3313938724385406,2.990184576354495,5.2661554423675785,5.325543380712707,17.948664374299867
47,47,47,47,47,58,Jon Merrill,17.1,0.2,0.81,33.9,3.0,6.78,0.12,6.0,1.47,0.1,2.34,5.7,15.145433789954,0.11,0.54,30.0,2.33,4.65,0.11,5.37,1.19,0.22,2.55,5.81,0.0926553110963961,0.6821818460244641,2.894543042647429,2.59594138751416,5.569367389333331,15.668097864607233
48,48,48,48,48,59,Justin Faulk,23.197149122807,0.54,1.06,38.84,5.68,9.58,0.33,10.82,3.54,0.71,5.07,3.44,23.377235772358,0.34,1.22,44.25,6.13,5.61,0.39,11.02,3.63,0.85,3.51,4.38,0.4023589730674074,1.2710715034601314,6.144201443148358,3.7479271037014312,4.201887003559105,22.857081065173542
49,49,49,49,49,60,Derek Forbort,18.104824561404,0.17,0.44,27.45,2.79,6.25,0.09,5.76,1.09,0.17,5.8,4.36,17.732098765432,0.31,0.44,28.57,2.38,13.16,0.1,6.45,1.57,0.13,6.64,5.51,0.1196309017345176,0.5117368973504135,3.0821962701358387,6.203119756148629,5.064373292808603,17.922433000369082
50,50,50,50,50,61,Cam Fowler,24.416228070175,0.29,1.07,44.21,4.01,7.26,0.23,9.7,3.23,0.45,1.2,3.75,24.17337398374,0.3,1.15,51.06,3.93,7.69,0.23,8.9,3.0,0.58,0.54,3.15,0.2557280802432581,1.0845666336960256,4.581943328066024,0.9124311576505508,3.593414725089365,23.5555731827757
51,51,51,51,51,62,Erik Gudbranson,18.130128205128,0.25,0.47,31.48,5.47,4.65,0.17,11.37,1.78,0.17,6.15,3.9,21.299047619048,0.04,0.48,26.0,4.1,0.98,0.13,8.65,1.85,0.24,4.79,5.51,0.1315089229879689,0.5006143941965311,3.947844400027893,4.8763724988963295,4.94850120150096,21.02416900204682
52,52,52,52,52,65,John Klingberg,22.202027027027,0.22,1.5,47.0,5.08,4.32,0.34,13.22,3.91,0.37,2.08,2.81,20.621144278607,0.43,1.0,47.83,4.86,8.93,0.29,11.81,3.82,0.52,2.39,3.65,0.3528443621906105,1.2306841627637823,5.869960340237794,2.434986515862773,3.635722053174959,20.45547217319497
53,53,53,53,53,67,Dylan DeMelo,18.499122807018,0.04,0.51,25.0,3.33,1.28,0.15,6.02,1.32,0.3,4.82,4.61,19.560888888889,0.25,0.86,42.86,3.8,6.45,0.21,7.93,2.09,0.45,4.91,4.17,0.1817224790008416,0.648996556531225,4.382728394122179,4.75431844616017,4.379387589201601,19.51465132949777
54,54,54,54,54,69,Scott Mayfield,19.776229508197,0.15,0.75,41.86,3.98,3.75,0.18,10.05,2.79,0.4,3.83,5.42,20.990040650407,0.21,0.63,38.71,4.15,5.04,0.17,10.32,2.48,0.49,3.73,5.86,0.1923287436640541,0.6916821707126779,4.216139840352877,3.7149283113412137,5.526745493917495,20.76387040271597
55,55,55,55,55,70,Adam Larsson,22.281300813008,0.26,0.56,37.31,3.91,6.72,0.14,8.54,2.23,0.3,6.01,4.6,23.639837398374,0.25,0.77,32.04,4.43,5.59,0.22,9.25,2.23,0.56,6.87,5.35,0.2020871089597121,0.7732939290542677,4.173239151423045,6.408424435747346,5.035519680100551,23.080752800402866
56,56,56,56,56,71,Dougie Hamilton,21.223655913978,0.41,0.96,37.5,8.98,4.57,0.53,18.33,6.89,1.6,3.97,4.19,21.774390243902,0.74,1.75,53.62,9.24,8.0,0.47,18.89,7.22,1.18,2.15,2.89,0.638557413714251,1.443501788984727,8.643984276963595,2.5565155662626213,3.5591223969722208,21.45327646531601
57,57,57,57,57,72,Jonas Brodin,23.437671232877,0.18,0.88,32.97,4.42,3.97,0.17,8.14,2.24,0.35,1.47,4.42,22.864166666667,0.13,0.48,24.14,3.94,3.33,0.18,7.87,1.79,0.39,2.19,5.69,0.1728913407943283,0.7090869464373617,4.015172464975718,2.188422756563923,5.179959237825861,22.41217335355925
58,58,58,58,58,73,Jamie Oleksiak,19.33287037037,0.04,0.69,28.33,4.09,1.05,0.3,7.59,2.54,0.91,7.85,3.71,19.251333333333,0.37,0.66,36.23,3.16,11.84,0.15,6.69,2.24,0.42,5.24,4.78,0.2397628975267387,0.5651393460168418,4.316714035892406,5.483276854119046,4.493170425411081,19.249732511238662
59,59,59,59,59,74,Connor Murphy,21.758187134503,0.19,0.29,23.26,3.43,5.63,0.14,7.26,1.5,0.1,6.29,7.26,19.39,0.27,0.23,24.07,3.29,8.24,0.12,6.85,1.59,0.35,6.38,6.19,0.141097452892922,0.4535205595522198,3.5518593071848703,6.086832229654905,6.174432881439472,19.38267851307959
60,60,60,60,60,75,Colin Miller,18.98201754386,0.17,1.0,35.0,3.99,4.17,0.15,8.48,1.25,0.08,4.16,3.49,16.772151898734,0.27,0.68,30.88,4.8,5.66,0.26,12.36,3.53,0.41,4.89,3.17,0.2298632878007246,0.8297793600298762,4.792643103007327,4.634305116998582,3.539085381024051,17.092194094967148
61,61,61,61,61,77,Torey Krug,20.551041666667,0.41,1.55,38.39,5.43,7.56,0.31,11.18,3.24,0.5,2.42,3.19,18.583597883598,0.36,1.28,45.07,6.46,5.56,0.36,12.86,4.25,0.41,2.05,4.46,0.3783976902563127,1.3962523777535527,6.029796466102882,2.235037681983031,4.1835673493261885,18.675322376686857
62,62,62,62,62,78,Morgan Rielly,23.740650406504,0.31,1.79,43.31,6.81,4.52,0.31,11.84,3.51,0.49,2.84,2.68,21.704102564103,0.17,1.57,43.16,5.36,3.17,0.34,10.29,3.87,0.81,2.98,3.62,0.3295851885384274,1.4619621269959726,5.98902490527446,2.996867881446543,3.586230226925161,21.404995752024675
63,63,63,63,63,79,Hampus Lindholm,22.504694835681,0.19,0.83,35.53,5.33,3.52,0.28,10.33,2.82,0.6,2.63,3.45,23.186875,0.32,1.39,43.44,5.11,6.33,0.32,9.7,3.46,0.81,2.52,3.23,0.3127321345128768,1.040079282032842,5.607478944896455,2.619689173632511,3.56250027832301,22.688022955445447
64,64,64,64,64,80,Matt Dumba,23.091812865497,0.32,0.91,39.13,5.29,6.03,0.37,11.44,2.74,0.68,5.2,3.83,21.277637130802,0.14,0.36,25.93,3.53,4.04,0.22,9.21,2.68,0.61,3.71,4.14,0.2682909138088042,0.6722862193640533,4.655509516940739,3.9180779455525054,4.16616346001709,21.030857503037804
65,65,65,65,65,81,Brady Skjei,21.142276422764,0.31,1.04,46.99,6.37,4.89,0.29,11.42,2.94,0.62,3.29,2.53,21.808436213992,0.61,0.68,46.34,6.39,9.57,0.32,13.96,4.31,0.88,2.41,2.11,0.4123582571827027,0.921255543742296,6.316149076896904,2.642556312933268,2.705595777627797,21.48246576447173
66,66,66,66,66,82,Olli Maatta,18.283080808081,0.05,0.35,15.38,3.03,1.64,0.13,6.91,1.89,0.2,3.33,4.67,18.707051282051,0.25,0.7,46.94,2.55,9.68,0.13,5.63,1.32,0.12,3.21,5.26,0.1362810349428908,0.5987279679733528,3.926072690266853,3.2467467628897944,5.0029162926588,18.771102974069656
67,67,67,67,67,83,Mike Matheson,18.799099099099,0.47,0.86,41.33,6.04,7.86,0.31,12.72,3.88,0.56,4.18,3.49,24.451736111111,0.41,1.33,53.97,6.44,6.35,0.39,12.88,3.73,0.56,2.71,4.09,0.4075211745199122,1.2525616922817076,6.541607832874284,3.0084221124311377,4.052609928018278,23.768971647166108
68,68,68,68,68,84,Cody Ceci,20.896367521368,0.18,0.85,37.84,3.75,4.9,0.13,7.84,1.62,0.18,4.31,4.45,20.134375,0.04,0.52,21.13,3.28,1.14,0.15,7.15,2.16,0.48,5.18,4.1,0.1214245291811262,0.6391216215281781,3.534735649676134,4.8748948849290175,4.300011733214599,20.025547329984956
69,69,69,69,69,85,Jacob Trouba,22.424897119342,0.36,0.92,44.32,6.74,5.39,0.38,12.82,3.93,1.02,6.84,5.85,21.195731707317,0.28,0.76,34.09,6.87,4.02,0.3,12.5,3.31,0.66,7.53,6.77,0.3661686533539414,0.8771288138318751,5.727545745937755,7.033758838640389,6.143003468145015,20.956235978230403
70,70,70,70,70,86,Matt Grzelcyk,18.734931506849,0.18,0.88,32.0,5.18,3.39,0.19,9.26,2.37,0.31,1.75,3.64,17.233333333333,0.19,1.02,33.33,4.74,3.92,0.2,9.33,2.27,0.32,2.37,3.62,0.198600551637052,0.873801061395087,4.581484742901154,2.367507067446531,3.828050243567197,17.491949890850435
71,71,71,71,71,87,Colton Parayko,23.556041666667,0.19,0.92,32.41,4.3,4.44,0.22,7.77,2.36,0.57,2.29,5.38,23.002742616034,0.13,0.76,39.71,4.39,3.01,0.19,8.45,1.95,0.33,3.8,4.75,0.1904124691368638,0.7913796042174059,3.990101802878795,3.5220796880444096,4.8970911303651015,22.533274489435
72,72,72,72,72,88,Esa Lindell,22.045175438596,0.14,0.75,38.46,4.87,2.94,0.16,7.56,2.18,0.36,3.98,5.3,19.916869918699,0.29,0.59,31.58,4.26,6.9,0.26,8.49,2.5,0.48,3.2,5.4,0.242367512787798,0.7385120333374501,4.8312362481473325,3.342749804764874,5.239755718340128,19.842277022852702
73,73,73,73,73,89,Shayne Gostisbehere,22.194512195122,0.46,1.22,57.95,4.98,9.27,0.27,10.35,2.9,0.4,1.98,3.79,20.816666666667,0.5,1.08,48.81,5.96,8.39,0.37,12.84,3.77,0.69,1.77,3.42,0.3943702255171581,1.21472258483889,6.011185053324039,1.955754560263348,3.7541988500818144,20.625448505880527
74,74,74,74,74,90,Adam Pelech,21.282692307692,0.11,0.9,38.36,3.76,2.88,0.2,8.13,2.53,0.51,3.58,4.63,21.651912568306,0.27,0.68,35.59,4.41,6.19,0.23,10.45,3.04,0.5,3.5,5.0,0.2385426176408751,0.7724394324283608,4.611125906145674,3.5032558886218497,4.8477139562206375,21.347078250205723
75,75,75,75,75,91,Damon Severson,23.604791666667,0.35,1.11,51.11,5.02,6.96,0.33,9.91,3.05,0.54,2.89,2.92,19.954938271605,0.26,0.97,42.31,3.79,6.86,0.22,9.09,3.34,0.71,1.63,4.27,0.2848691727843746,0.930668759642124,4.983437533963,1.996001742561808,4.0095014871142,19.883333421882366
76,76,76,76,76,92,Jake McCabe,20.304,0.16,0.71,44.0,3.15,5.0,0.17,7.09,2.21,0.28,6.54,6.58,19.475,0.12,0.89,35.71,3.89,3.13,0.18,7.5,2.11,0.57,6.61,6.12,0.1543176748154398,0.7422380145975189,3.811183791747921,6.29850465237427,5.964071183104702,19.449172760795438
77,77,77,77,77,93,Jaccob Slavin,23.529957805907,0.13,1.23,39.25,5.33,2.42,0.27,11.01,3.1,0.55,1.61,3.91,21.991666666667,0.25,0.72,35.53,4.7,5.34,0.23,10.66,3.7,0.79,1.29,3.7,0.269684514826559,0.8920061723400362,5.031488092157906,1.5381593122958277,3.94071643168205,21.653969839258817
78,78,78,78,78,94,Brett Kulak,17.75472972973,0.23,0.73,36.84,4.2,5.43,0.14,8.17,1.96,0.46,4.7,2.88,17.509349593496,0.13,0.71,30.3,4.76,2.63,0.15,8.82,1.67,0.33,4.39,4.43,0.1496175532078396,0.6674479560390196,3.6187220840535415,4.346630457354904,4.088734269956009,17.726957977253637
79,79,79,79,79,95,Erik Gustafsson,16.218079096045,0.19,0.94,36.0,4.95,3.8,0.24,10.85,2.38,0.19,2.82,3.45,19.772857142857,0.3,1.52,48.28,5.29,5.74,0.29,11.66,3.81,0.82,2.25,2.73,0.2749006218876055,1.1087227204916703,5.567422085994087,2.44817078989848,3.2834108506087567,19.68733246424371
80,80,80,80,80,96,Matthew Benning,16.337179487179,0.0,0.62,37.93,3.45,0.0,0.12,6.44,1.75,0.34,4.63,3.79,19.778571428571,0.04,0.91,43.64,2.29,1.72,0.13,6.15,2.05,0.28,4.02,4.92,0.1062941833794716,0.5467497087586819,3.851995738603996,4.058993904982177,4.591467133224574,19.692908708599816
81,81,81,81,81,98,Jaycob Megna,19.120454545455,0.14,0.43,28.57,2.85,5.0,0.1,5.99,2.42,0.21,5.06,6.56,18.866049382716,0.06,0.65,24.49,3.3,1.79,0.17,7.42,2.12,0.41,5.06,3.89,0.1186559815144337,0.6679248511303671,3.50944216038034,4.904616662415783,4.714294418485755,18.913629090756633
82,82,82,82,82,100,Nate Schmidt,20.209307359307,0.15,1.08,42.67,4.51,3.42,0.25,9.91,2.35,0.39,1.43,4.01,18.467370892019,0.32,0.55,36.54,4.62,6.93,0.27,11.21,3.2,0.69,2.06,3.89,0.2813479144418833,0.8303772798611755,5.047387433543134,2.084908823582445,4.071959999280346,18.57251535789151
83,83,83,83,83,101,Chad Ruhwedel,15.330555555556,0.2,0.45,27.08,4.11,4.88,0.16,9.08,2.06,0.2,7.48,4.32,14.568439716312,0.09,0.35,22.73,3.15,2.78,0.13,8.5,2.02,0.35,7.89,4.47,0.1324504413841414,0.512921481440686,3.701271645432442,7.4046629466469,4.473791449136204,15.157353481214955
84,84,84,84,84,102,MacKenzie Weegar,23.372708333333,0.26,1.16,36.67,6.51,3.94,0.35,12.55,4.14,0.87,5.74,5.01,21.098559670782,0.14,0.95,41.89,5.62,2.5,0.28,12.5,3.55,0.6,6.53,4.11,0.3120465560326268,1.0287213618252378,5.407094886538205,6.111367519277724,4.4466551981434055,20.876575010696477
85,85,85,85,85,105,Connor Clifton,16.042777777778,0.12,0.5,28.57,4.99,2.5,0.17,9.23,1.99,0.19,9.72,3.86,17.855769230769,0.22,0.78,35.38,4.01,5.38,0.23,7.41,2.54,0.69,8.96,5.17,0.2041421956363142,0.7009045179126889,4.7585154480285565,8.56084443179617,4.748644556628516,18.019452557752707
86,86,86,86,86,106,Carson Soucy,17.659895833333,0.53,0.58,36.84,5.15,10.31,0.24,8.97,3.03,0.48,6.26,3.88,16.29188034188,0.14,0.61,27.12,4.11,3.45,0.18,9.25,2.46,0.33,6.75,4.53,0.2277804541846928,0.747008556721979,4.365076289179165,6.358549424226013,4.396448006167648,16.66783532359051
87,87,87,87,87,107,Josh Brown,14.216666666667,0.0,0.49,27.27,3.65,0.0,0.1,7.06,1.06,0.08,9.58,5.03,15.7625,0.22,0.17,17.95,3.81,5.88,0.23,7.17,2.24,0.73,8.51,6.61,0.1790621902458581,0.4509286308536701,4.547839675049877,8.202282058278719,5.847140253728049,16.18995630799699
88,88,88,88,88,108,Ryan Graves,20.722,0.23,0.85,38.89,4.29,5.41,0.21,9.3,3.32,0.89,3.47,5.21,19.947863247863,0.31,0.69,29.89,5.44,5.67,0.22,11.18,3.43,0.54,3.2,5.86,0.2696302934231234,0.7902935818583355,4.477239588602005,3.2615610799766133,5.4738473652770505,19.86247846738043
89,89,89,89,89,109,Shea Theodore,23.137179487179,0.47,1.26,49.52,6.82,6.83,0.39,13.86,4.36,1.13,1.23,3.22,21.43303030303,0.41,1.68,56.94,6.92,5.88,0.37,14.35,4.07,0.81,0.81,4.38,0.4428347756316664,1.335970423593554,6.617484407702532,1.1189721285481458,4.146469916411972,21.166209560367232
90,90,90,90,90,111,Brett Pesce,21.700714285714,0.28,0.83,39.44,5.85,4.73,0.23,12.01,2.37,0.51,1.54,3.91,22.009552845528,0.17,0.83,35.71,4.79,3.47,0.21,11.5,2.59,0.4,1.23,3.66,0.2300053873441345,0.7598348947226432,4.7204047138845056,1.4821790588220027,3.9183892774649114,21.660193014608026
91,91,91,91,91,112,Seth Jones,26.209829059829,0.15,1.35,53.68,5.69,2.58,0.28,10.71,3.11,0.85,2.91,4.55,24.451157407407,0.41,0.85,41.57,6.07,6.74,0.33,11.25,3.27,0.75,3.61,4.26,0.3559330999941864,1.0022910020585336,5.575472386112825,3.478796813540931,4.414509935150039,23.806264953836475
92,92,92,92,92,113,Darnell Nurse,25.048591549296,0.3,0.88,34.31,6.85,4.43,0.36,13.83,3.95,0.67,6.61,4.45,23.495731707317,0.37,0.97,43.43,6.32,5.91,0.31,12.49,3.86,0.75,4.55,5.11,0.3710219598655505,1.0162652081953183,6.161811986136735,4.770254732733016,4.863772377197392,22.969560898537416
93,93,93,93,93,114,Rasmus Ristolainen,21.440909090909,0.08,0.59,25.4,4.11,2.06,0.25,8.48,2.76,1.02,9.75,5.3,19.024099099099,0.13,0.72,32.79,3.67,3.49,0.21,7.37,1.49,0.43,6.9,6.05,0.2051128616186872,0.6412031413922582,3.9406648298724862,7.026226769034268,5.602571974368657,19.062894619176884
94,94,94,94,94,115,Josh Morrissey,23.659282700422,0.39,0.8,34.91,5.55,6.94,0.39,11.27,3.72,0.71,4.82,3.34,24.231196581197,0.51,1.9,58.02,5.46,9.3,0.39,12.54,4.41,0.95,2.83,3.78,0.4310268640789246,1.3409888803737362,6.724530597638353,3.199979408386885,3.841790105235122,23.601991676248034
95,95,95,95,95,116,Ryan Pulock,21.135416666667,0.25,0.81,33.87,6.18,4.1,0.3,11.46,2.69,0.46,4.36,6.59,20.905081300813,0.18,0.74,31.71,4.41,3.97,0.2,10.54,2.66,0.21,4.9,4.48,0.2405726620821475,0.748670522520145,4.880392554978265,4.673616616437271,5.051176818708638,20.696926979352224
96,96,96,96,96,117,Nikita Zadorov,16.910135135135,0.19,0.86,44.0,5.08,3.77,0.21,10.79,2.88,0.19,8.68,2.35,18.685772357724,0.55,0.27,29.17,5.09,10.77,0.26,10.49,3.29,0.47,6.81,2.94,0.3229412431464676,0.7699068094611436,5.591495635048078,6.7886345860379,3.1235429745130765,18.745597730240164
97,97,97,97,97,118,Trevor van Riemsdyk,17.468055555556,0.05,0.76,34.69,3.58,1.33,0.17,7.01,2.15,0.38,1.19,6.15,19.065333333333,0.29,0.67,33.82,4.07,7.22,0.17,8.14,2.06,0.46,0.88,6.71,0.191606624295831,0.6575622830293419,4.332516820307401,1.1649138722756371,6.1850814920199415,19.078486948341112
98,98,98,98,98,119,Jordan Oesterle,18.287037037037,0.15,0.44,27.59,4.59,3.17,0.15,7.36,2.04,0.0,1.97,3.21,15.655769230769,0.15,0.66,42.31,3.98,3.7,0.2,7.74,2.58,0.29,3.02,5.01,0.1722112866574984,0.6639642469635962,4.577898059880205,2.8882606039142456,4.495603636825243,16.117909440061897
99,99,99,99,99,120,Aaron Ekblad,24.91393442623,0.59,1.66,45.6,7.11,8.33,0.43,12.52,3.99,1.03,2.45,2.72,23.394131455399,0.51,0.87,36.19,7.8,6.48,0.54,13.58,4.91,1.34,2.78,2.89,0.5766735014555623,1.4464001609087695,7.778058233472217,2.7853267093112564,3.188835496489103,22.880528567800354
100,100,100,100,100,121,Travis Sanheim,22.970208333333,0.23,0.78,34.44,4.02,5.69,0.23,8.13,2.29,0.72,2.09,4.64,20.402674897119,0.25,0.58,39.66,4.03,6.31,0.27,7.48,2.83,0.84,2.21,4.97,0.2642733264699954,0.7636854416450863,4.441739067488346,2.302068342604862,4.833487549064469,20.269422080206443
101,101,101,101,101,122,Tony DeAngelo,19.797395833333,0.47,1.94,48.57,7.15,6.62,0.34,12.5,3.74,0.33,1.94,2.79,22.058571428571,0.43,1.2,50.6,6.76,6.32,0.33,11.15,2.91,0.58,2.02,3.07,0.3978862245790333,1.5073543275166548,6.527004070249296,2.136206413028912,3.306940400013049,21.69310928019861
102,102,102,102,102,123,Marcus Pettersson,15.655092592593,0.11,0.9,41.3,4.42,2.41,0.2,10.06,2.18,0.32,6.49,3.94,20.583823529412,0.04,0.99,36.36,4.12,1.04,0.23,9.26,2.96,0.81,5.7,5.62,0.1837506876631609,0.8022941994231191,4.520960922250829,5.610521644447648,5.019976709624848,20.389629318298017
103,103,103,103,103,124,Brandon Montour,17.911111111111,0.45,1.08,42.53,6.33,7.19,0.39,12.32,4.38,0.99,2.65,2.69,24.12625,0.5,1.77,47.71,7.52,6.61,0.52,14.27,4.85,1.4,2.86,2.89,0.519146277692244,1.510294490903333,7.478218963061105,2.8769476955980835,3.181278620969039,23.481419296380434
104,104,104,104,104,125,Jake Walman,14.02385620915,0.25,0.59,45.45,7.3,3.45,0.38,14.51,4.7,1.01,3.94,4.87,19.718518518519,0.43,0.43,32.73,6.76,6.43,0.34,12.41,3.62,0.58,2.27,5.84,0.4149546529841496,0.7592411430882626,6.264223509912992,2.641413164947517,5.377039198941092,19.62889175590624
105,105,105,105,105,126,Devon Toews,25.378535353535,0.47,1.58,46.34,5.66,8.23,0.29,9.56,2.76,0.86,1.93,3.04,25.10625,0.21,1.28,41.67,4.93,4.24,0.26,9.23,2.84,0.75,2.78,4.12,0.302015755697491,1.194555674023949,4.9368204402579625,2.702546048742834,3.9560021608801774,24.371654779615874
106,106,106,106,106,127,Gustav Forsling,21.217370892019,0.4,1.08,39.36,5.78,6.9,0.28,11.79,3.5,0.6,1.79,3.43,23.435772357724,0.41,0.87,40.2,6.53,6.22,0.29,12.89,3.75,0.5,2.15,3.31,0.356129125570059,1.0578549775468349,5.768661054081232,2.209473566187312,3.602116669743915,22.897883657142707
107,107,107,107,107,130,Noah Hanifin,21.307407407407,0.35,1.32,43.24,6.57,5.29,0.32,13.8,3.72,0.76,2.19,2.92,22.641769547325,0.23,1.01,42.22,5.76,3.98,0.3,12.5,3.5,0.75,2.49,4.22,0.3376526730715155,1.1131550092424465,5.682207445570199,2.52722564779904,3.9815925443427744,22.20792516256346
108,108,108,108,108,131,Rasmus Andersson,22.666463414634,0.13,1.48,36.76,4.91,2.63,0.27,9.33,2.36,0.42,2.03,4.04,24.086919831224,0.35,1.2,42.24,5.01,6.92,0.28,9.59,2.96,0.66,1.58,4.29,0.2889582411775441,1.1616974760465435,5.250028472216282,1.821731346290636,4.302788416971812,23.471473562241147
109,109,109,109,109,132,Jonas Siegenthaler,20.566666666667,0.04,0.54,22.95,3.83,1.09,0.12,7.92,2.71,0.21,4.08,4.42,20.153958333333,0.15,0.63,23.86,3.13,4.76,0.13,7.03,1.86,0.19,3.76,5.62,0.1306233324280665,0.6364055749002124,4.027859947171945,3.777145057351608,5.1408867179458655,20.04089427994715
110,110,110,110,110,133,Vince Dunn,20.677397260274,0.28,1.11,50.72,4.81,5.79,0.26,11.21,3.9,0.56,3.02,3.26,23.669341563786,0.44,1.56,45.71,4.69,9.33,0.31,10.48,3.22,0.34,3.6,2.5,0.3381024406689443,1.271038815513977,5.678318410528787,3.488835323287264,3.1071695022331305,23.098227575346943
111,111,111,111,111,135,Erik Cernak,19.152121212121,0.06,0.68,30.23,4.9,1.16,0.2,10.02,2.73,0.46,9.4,4.16,19.240238095238,0.09,0.62,28.07,3.88,2.3,0.2,7.4,2.41,0.31,9.31,4.45,0.1829138091548623,0.6593574059733116,4.393307652912494,8.771449921071682,4.4223245359206285,19.239162886563655
112,112,112,112,112,137,Brandon Carlo,19.702953586498,0.23,0.35,28.85,4.82,4.8,0.14,8.21,1.58,0.15,5.51,4.01,18.830666666667,0.13,0.55,21.62,3.99,3.19,0.24,7.39,2.63,0.59,5.44,4.93,0.1895714136168167,0.5965373957661464,4.529060195119829,5.260219558270115,4.652466008925993,18.88583326744244
113,113,113,113,113,138,Ethan Bear,16.080172413793,0.32,0.58,32.56,6.24,5.15,0.29,11.97,2.83,0.58,3.54,2.64,18.527049180328,0.16,0.69,32.0,3.98,4.0,0.2,8.23,2.12,0.53,2.07,4.35,0.2394205464038565,0.6819686548817854,4.7810441400739965,2.428280057032069,3.98362495736122,18.603348468477307
114,114,114,114,114,139,Caleb Jones,16.716993464052,0.35,0.7,40.54,4.01,8.77,0.19,7.04,2.6,0.35,5.42,4.08,19.209589041096,0.17,0.51,28.57,3.68,4.65,0.26,8.43,2.91,0.64,4.96,5.05,0.2332956769638949,0.8104750849328632,4.280914104639334,4.88719851214713,4.737080181124229,19.200092548987772
115,115,115,115,115,142,Jeremy Lauzon,17.688888888889,0.1,0.26,16.67,3.85,2.67,0.14,7.76,1.8,0.31,11.51,3.24,16.841791044776,0.16,0.48,32.43,4.09,3.9,0.2,8.61,2.45,0.37,13.29,3.99,0.1690346118180779,0.5299707665299594,4.184125729436517,12.081516337194351,3.9338180798082303,17.146152893235893
116,116,116,116,116,143,Thomas Chabot,26.19209039548,0.27,1.2,40.43,6.72,4.05,0.37,12.81,3.61,0.82,2.83,3.61,24.972303921569,0.39,1.06,34.75,5.83,6.67,0.34,12.54,3.85,0.57,2.79,4.35,0.3895478083826339,1.0984370948376652,6.135832320753616,2.85329305279286,4.227963932509944,24.25933254967925
117,117,117,117,117,145,Ivan Provorov,24.890717299578,0.27,0.67,39.24,5.19,5.29,0.23,9.83,2.84,0.52,2.26,5.25,23.022764227642,0.19,0.67,35.53,3.65,5.22,0.18,8.14,2.54,0.51,3.08,5.15,0.2185458058972192,0.6872230618716261,4.448737692865841,2.9792634445516333,5.087616211949562,22.557491262323662
118,118,118,118,118,146,John Marino,20.63683127572,0.04,0.86,40.32,3.23,1.11,0.17,6.86,1.9,0.43,2.62,3.16,21.070833333333,0.18,0.62,29.51,2.98,5.97,0.21,6.45,2.09,0.49,1.96,3.6,0.1887789908731015,0.6514022736362095,4.297367371995874,2.1996213430672347,3.695976658137609,20.83851219989749
119,119,119,119,119,148,Alexandre Carrier,20.981168831169,0.11,1.0,41.1,3.53,3.16,0.23,6.98,2.15,0.59,3.53,4.61,17.888372093023,0.16,0.55,36.0,3.74,4.17,0.22,7.72,2.42,0.47,4.45,5.23,0.2121574197440974,0.7099662574835698,4.147175537382424,4.2052106740886455,4.971057175955819,18.072989058446673
120,120,120,120,120,149,Niko Mikkola,16.982098765432,0.2,0.65,30.95,3.79,5.17,0.17,7.2,2.75,0.52,7.13,5.3,17.431069958848,0.04,0.21,9.52,2.63,1.61,0.11,5.4,1.27,0.13,6.42,4.5,0.1232471308604343,0.5282682727337881,3.1913243933821978,6.250445970530305,4.737394748454471,17.65495004999856
121,121,121,121,121,150,Vladislav Gavrikov,22.29125,0.17,0.94,37.5,3.63,4.63,0.22,6.86,2.25,0.71,4.17,4.64,21.971296296296,0.23,0.49,30.65,3.38,6.74,0.24,6.33,2.24,0.99,2.81,4.36,0.2365724134268088,0.7395097384157998,4.124237587766392,3.08155801500546,4.492998447253081,21.629939265557507
122,122,122,122,122,151,Matt Roy,20.983582089552,0.09,0.81,30.88,6.53,1.31,0.29,11.78,3.58,0.73,5.29,4.4,18.77581300813,0.35,0.66,35.14,5.26,6.67,0.27,9.78,3.62,0.78,4.64,5.96,0.3138614504428449,0.8091231948098729,5.463430800371904,4.6273742642706726,5.325629611778183,18.84466729747274
123,123,123,123,123,152,Adam Fox,23.907264957265,0.35,2.03,58.27,5.08,6.96,0.27,8.85,2.83,0.42,0.97,4.12,24.377642276423,0.36,1.8,52.55,4.77,7.55,0.36,9.94,4.62,1.05,0.75,3.75,0.3609057905940147,1.590013318002962,5.934132441507064,1.0327450952512436,4.021523503093921,23.730596927490556
124,124,124,124,124,153,Ryan Lindgren,20.100427350427,0.15,0.42,23.44,2.79,5.48,0.17,5.89,1.88,0.46,4.94,5.4,18.839947089947,0.05,0.86,30.51,3.79,1.33,0.18,8.04,2.73,0.66,3.44,4.65,0.1372027928658176,0.6536867805703789,3.454310605196937,3.674922451711186,4.846311161835626,18.895930184747503
125,125,125,125,125,154,Charlie McAvoy,24.660042735043,0.31,1.43,44.09,5.18,6.02,0.31,9.2,2.96,0.59,4.83,4.02,22.302985074627,0.28,1.81,54.74,4.22,6.67,0.28,9.03,3.53,0.8,3.37,5.26,0.3025912798399662,1.3308984452912715,5.357159385769654,3.6051016712812656,4.839183989724088,21.930437549430827
126,126,126,126,126,155,Jakob Chychrun,22.986170212766,0.39,0.78,53.85,7.83,4.96,0.4,16.27,4.0,0.39,2.83,3.67,22.703819444444,0.5,1.32,52.38,7.93,6.25,0.53,15.47,5.23,1.1,3.03,4.57,0.5204037434129788,1.255018221155203,8.259247263019432,3.032639864843623,4.365877031744343,22.270442164940743
127,127,127,127,127,157,Andrew Peeke,21.461178861789,0.07,0.44,23.08,2.45,2.78,0.11,5.69,1.23,0.24,6.51,5.76,21.246875,0.21,0.25,25.0,3.18,6.67,0.11,6.64,1.48,0.18,6.35,6.95,0.116407106619187,0.40747023179763,3.386591626887508,6.099436465312123,6.220805035561956,20.995791953154406
128,128,128,128,128,158,Dante Fabbro,19.043686868687,0.14,1.0,36.92,4.2,3.41,0.19,9.02,1.77,0.1,3.29,5.01,17.44746835443,0.09,0.39,25.0,4.4,1.98,0.2,8.88,2.26,0.35,4.92,5.62,0.1705774069187592,0.7040868879434826,4.185475112229525,4.518225055630837,5.2895052698404506,17.679723718551024
129,129,129,129,129,160,Riley Stillman,15.061538461538,0.15,0.77,40.0,3.75,4.08,0.16,8.96,1.84,0.46,9.35,5.13,14.642666666667,0.08,0.57,25.0,3.03,2.7,0.15,8.6,1.39,0.49,6.64,3.61,0.1351047514302316,0.5937799388190771,3.4633813359504924,6.768256958106128,4.197793272509406,15.22052477808957
130,130,130,130,130,161,Samuel Girard,21.641542288557,0.21,0.95,36.36,3.27,6.33,0.14,7.78,1.7,0.21,2.69,3.72,21.494956140351,0.22,1.14,56.06,4.37,5.04,0.2,9.88,2.94,0.59,2.46,4.26,0.1794893102903886,0.9488896718163504,3.984398644508968,2.5844040853007924,4.2054363790949445,21.21242848083132
131,131,131,131,131,163,Mikhail Sergachev,22.468803418803,0.24,1.06,46.34,5.1,4.7,0.25,9.69,3.49,0.41,4.76,4.21,23.810970464135,0.32,1.72,53.33,4.98,6.41,0.26,11.23,3.73,0.61,4.08,4.75,0.2848550496623855,1.2067409655143646,5.499739401722078,4.124525773136973,4.60237298508262,23.230516262498593
132,132,132,132,132,164,Filip Hronek,22.025854700855,0.17,1.15,49.35,4.64,3.76,0.24,9.78,2.48,0.45,2.44,2.83,21.699739583333,0.39,1.3,46.43,5.36,7.26,0.28,11.19,2.64,0.39,4.41,2.51,0.2875934401334816,1.0657467999053376,5.189904819431298,4.001798538709197,3.0044360749998367,21.392456090633097
133,133,133,133,133,165,Nikita Zaitsev,18.990053763441,0.1,0.46,25.0,3.31,3.08,0.14,7.03,1.07,0.1,6.52,5.25,16.463768115942,0.08,0.55,32.0,1.58,5.0,0.04,3.96,0.95,0.08,7.53,5.7,0.0558209713794009,0.4121035540733945,3.0205152301541447,6.9828168936752055,5.39461458243524,16.82408285340827
134,134,134,134,134,168,Nicolas Hague,18.650641025641,0.25,0.62,26.42,7.18,3.45,0.37,14.79,4.21,0.99,3.53,4.95,18.090946502058,0.12,0.57,26.56,4.22,2.91,0.21,10.15,2.58,0.37,4.79,5.45,0.2747806464771073,0.6921303604884276,4.951260249630457,4.4592853244938935,5.179501113377477,18.237249482531837
135,135,135,135,135,169,Mario Ferraro,23.000793650794,0.08,0.5,25.93,2.03,4.08,0.11,4.47,1.82,0.29,5.8,6.25,21.603240740741,0.15,0.27,21.57,2.55,6.06,0.22,5.67,2.12,0.58,4.98,5.59,0.1577348160075605,0.590996028171013,3.638140493703697,4.962637639464182,5.585110759006892,21.313518850590025
136,136,136,136,136,170,Cal Foote,13.125892857143,0.16,0.57,25.0,4.0,4.08,0.19,9.14,2.29,0.49,6.78,4.65,15.122333333333,0.16,0.4,22.58,3.09,5.13,0.12,6.67,1.51,0.16,4.6,4.13,0.1492108993559679,0.5417342844605504,3.5676735372336497,4.834681560173013,4.367136269011212,15.62774217256831
137,137,137,137,137,171,Mikey Anderson,20.114035087719,0.1,0.31,16.33,3.04,3.45,0.15,6.96,2.77,0.58,6.96,3.61,21.659956709957,0.18,0.54,27.78,3.24,5.56,0.18,6.76,2.81,0.54,5.83,4.64,0.1771833329614826,0.5932866100155916,3.924408844794344,5.782488815976091,4.38983580058421,21.348112524049224
138,138,138,138,138,172,Henri Jokiharju,21.910833333333,0.14,0.73,32.76,3.79,3.61,0.15,6.66,1.14,0.14,3.33,2.74,21.024444444444,0.14,0.48,22.81,3.76,3.8,0.15,7.28,1.47,0.05,3.0,2.76,0.1335104211880164,0.5713286213745048,3.723481126135765,3.0898183023453765,3.1213101622967723,20.804672894572665
139,139,139,139,139,173,Miro Heiskanen,24.887142857143,0.17,1.07,45.0,5.37,3.21,0.35,10.75,3.93,0.93,1.79,3.17,25.491139240506,0.33,1.85,52.52,6.14,5.34,0.38,13.14,4.65,0.69,1.46,2.86,0.3778703685308752,1.2739287409875375,6.158282450596966,1.693851481541367,3.2854432636272017,24.703825391158304
140,140,140,140,140,174,Timothy Liljegren,16.403005464481,0.3,1.08,37.1,4.74,6.33,0.22,9.71,2.64,0.54,5.22,3.6,17.908457711443,0.3,0.6,29.51,4.2,7.14,0.22,7.7,2.5,0.4,5.35,4.65,0.2576782105148731,0.8795494954020989,4.524057765579025,5.14679836612638,4.392898630631809,18.067104580562116
141,141,141,141,141,175,Cale Makar,25.667965367965,0.85,1.76,52.76,7.29,11.67,0.45,15.0,4.64,0.43,2.88,3.34,26.380277777778,0.64,1.86,57.89,6.67,9.66,0.47,15.28,5.19,1.1,2.46,2.96,0.5870788254736315,1.8343027604048283,8.740344707385852,2.6146508651238696,3.384083443783746,25.48094985686047
142,142,142,142,142,176,Erik Brannstrom,19.77358490566,0.0,0.8,34.15,4.92,0.0,0.22,9.62,2.63,0.46,2.23,3.38,16.113513513514,0.1,0.81,33.33,3.72,2.7,0.18,10.06,3.47,0.55,2.47,5.18,0.1841980777013276,0.6606937598258524,4.535525832098389,2.5186478232487906,4.633316336861784,16.523518444485507
143,143,143,143,143,177,Neal Pionk,21.13961038961,0.11,1.14,37.78,5.16,2.14,0.3,10.25,2.73,0.48,6.82,3.35,21.940853658537,0.33,0.77,41.77,4.74,7.04,0.24,9.87,2.2,0.5,5.64,4.3,0.2726465381894589,0.9050743981550872,4.995133975086631,5.618218822180302,4.134562068564634,21.597594514974805
144,144,144,144,144,178,Jan Rutta,16.387280701754,0.14,0.72,26.09,4.14,3.49,0.17,9.54,2.41,0.48,4.48,3.42,17.120238095238,0.19,0.38,25.71,4.01,4.69,0.13,8.76,1.81,0.13,4.44,4.38,0.1617015947242374,0.5983712074988987,3.734814541753201,4.348971789368584,4.196849086545729,17.38163540022766
145,145,145,145,145,180,Jacob Bryson,18.342237442922,0.04,0.4,16.67,1.93,2.33,0.06,3.81,1.21,0.13,2.46,3.27,14.58615819209,0.07,0.56,32.14,1.88,3.7,0.07,4.04,0.91,0.0,2.37,4.81,0.0445457400980801,0.4749987559219026,2.9024943199701543,2.4805345078380308,4.39908161677967,15.188120720948968
146,146,146,146,146,181,Sean Durzi,19.59453125,0.14,1.15,42.19,5.69,2.52,0.32,11.82,4.83,0.81,3.54,5.79,19.785416666667,0.38,1.22,48.1,4.63,8.18,0.25,11.08,4.63,0.8,2.86,5.98,0.3368285739471383,1.1014909370152883,5.70284926664273,3.0186299800324985,5.686928421316368,19.715474202121815
147,147,147,147,147,182,Zach Whitecloud,18.797457627119,0.43,0.6,30.16,5.09,8.51,0.23,10.17,2.65,0.49,5.3,6.22,17.111581920904,0.3,0.42,27.91,3.8,7.81,0.21,8.26,2.2,0.48,5.35,5.76,0.2598680125427826,0.7295584097704948,4.569646946671382,5.159533852367677,5.672444288909675,17.386400989519103
148,148,148,148,148,183,Martin Fehervary,19.652953586498,0.31,0.35,22.37,3.71,8.33,0.18,6.99,1.97,0.58,9.7,4.52,20.000248756219,0.27,0.45,32.0,4.07,6.59,0.3,8.46,3.18,1.12,9.72,5.73,0.2626885427649658,0.709923997896321,4.329656176023821,9.125592131729928,5.227475977109881,19.90257740026104
149,149,149,149,149,184,Quinn Hughes,25.228289473684,0.25,1.88,55.74,4.69,5.33,0.22,10.7,2.82,0.25,0.59,1.75,25.661111111111,0.21,2.07,53.52,4.62,4.55,0.24,11.03,3.18,0.42,0.87,2.13,0.2352045590003862,1.510346415219377,4.95737279580324,1.0619249416304706,2.5202805912147133,24.853362768460084
150,150,150,150,150,185,Evan Bouchard,19.804526748971,0.45,1.16,48.31,7.67,5.85,0.35,14.96,2.77,0.49,2.99,4.19,18.516463414634,0.32,1.26,36.04,6.16,5.13,0.34,15.02,3.95,0.47,3.75,3.04,0.3813519310662945,1.093167962009378,6.602272828926717,3.596151273478505,3.642849225286497,18.613138821948876
151,151,151,151,151,186,Mattias Samuelsson,19.993253968254,0.0,0.71,27.03,3.14,0.0,0.15,5.93,1.29,0.64,7.15,4.29,22.176060606061,0.1,0.39,15.38,3.74,2.63,0.19,6.79,1.52,0.39,5.26,4.48,0.1545807532988828,0.4694904243250203,3.816496381967605,5.386786917178605,4.471816362170426,21.79626981720434
152,152,152,152,152,187,K'Andre Miller,20.592276422764,0.25,0.46,26.32,3.62,6.86,0.19,7.85,2.27,0.46,5.37,3.38,21.952109704641,0.31,1.18,48.31,3.91,7.96,0.23,8.3,2.84,0.66,5.6,3.63,0.2271357114762908,0.878150299591764,4.340592074416881,5.357496998715023,3.7681391109475975,21.604590568921733
153,153,153,153,153,188,Rasmus Dahlin,24.02875,0.41,1.25,55.21,5.34,7.6,0.26,10.05,2.4,0.44,3.78,2.84,25.794017094017,0.45,1.73,47.4,6.08,7.35,0.47,11.27,4.26,1.07,3.13,3.94,0.4203676764387442,1.4153953725203725,6.662848362308877,3.258601602313495,3.8051507967692895,24.962811979234132
154,154,154,154,154,189,Noah Dobson,21.459166666667,0.45,1.33,54.26,6.64,6.84,0.3,14.01,3.53,0.49,2.73,5.38,20.380982905983,0.49,1.36,50.0,7.77,6.31,0.43,18.15,4.38,0.6,2.26,3.93,0.4500121951592739,1.3678836157626666,7.079140841495772,2.44131615171247,4.439384468913725,20.242853335075736
155,155,155,155,155,190,Adam Boqvist,17.045833333333,0.74,0.74,44.0,4.33,17.19,0.35,8.8,3.79,0.74,1.76,3.18,18.633333333333,0.35,1.33,46.15,4.76,7.35,0.28,9.45,3.36,0.49,1.61,3.29,0.3415550825152341,1.223751344085534,4.633522058262114,1.8011674317326083,3.527979129968148,18.700691961620468
156,156,156,156,156,191,Rasmus Sandin,16.959477124183,0.35,0.76,32.0,3.19,10.87,0.2,8.46,3.19,0.62,6.1,2.71,19.326525821596,0.31,1.22,43.75,3.54,8.64,0.17,7.61,2.49,0.44,5.95,3.8,0.2043206762993762,1.045443014420122,3.4070858678446845,5.735255744907543,3.694259296422356,19.30301055580997
157,157,157,157,157,193,Ilya Lyubushkin,17.44696969697,0.09,0.58,28.85,2.41,3.7,0.09,4.64,1.12,0.13,8.35,4.11,15.008823529412,0.12,0.71,35.9,2.41,4.88,0.09,4.59,1.06,0.12,5.82,6.11,0.0715091778758754,0.5644433623941243,3.025728397096211,5.996295105583156,5.33630664339851,15.551079322109032
158,158,158,158,158,194,Alexander Romanov,20.394303797468,0.11,0.37,20.0,3.98,2.8,0.12,9.09,2.31,0.3,8.45,5.36,19.449561403509,0.08,0.81,35.48,4.06,2.0,0.15,9.54,2.23,0.37,8.04,5.24,0.1267705451162047,0.6324813245636637,3.894065167962886,7.6711724748543375,5.165560852511694,19.42751343880406
159,159,159,159,159,195,Simon Benoit,14.092452830189,0.08,0.32,20.83,3.61,2.22,0.14,6.99,1.69,0.24,13.5,3.13,19.349145299145,0.12,0.28,22.73,3.26,3.66,0.16,6.96,1.79,0.28,8.59,5.09,0.1369430590552875,0.4358252450922523,3.862895196084328,8.8861031547858,4.520106277206021,19.30805659402477
160,160,160,160,160,196,Moritz Seider,23.041056910569,0.22,1.37,44.64,5.94,3.74,0.31,11.27,2.67,0.22,4.8,5.11,23.148780487805,0.16,1.17,40.0,4.43,3.57,0.22,9.39,2.12,0.19,6.54,6.01,0.2326246849692474,1.073713082640211,4.975114835339188,5.969198339777948,5.532384608524447,22.657633805533905
161,161,161,161,161,198,Braden Schneider,15.476356589147,0.18,0.81,42.31,2.25,8.0,0.13,5.86,1.53,0.27,5.41,4.69,15.721810699588,0.24,0.61,36.0,3.72,6.33,0.16,7.96,2.26,0.38,6.93,6.13,0.1446159358527241,0.7246364024987826,2.985259944479162,6.357744991950319,5.493569813894977,16.161000031070373
162,162,162,162,162,200,Artem Zub,21.039917695473,0.21,0.56,36.67,3.24,6.52,0.14,6.83,1.65,0.35,5.46,4.37,20.253144654088,0.17,0.39,24.39,2.29,7.32,0.12,6.09,1.62,0.22,7.32,3.75,0.1288231596535884,0.51557985170909,3.135638046513088,6.657143240433619,4.084497465761118,20.12955451017963
163,163,163,163,163,201,J.J. Moser,18.693023255814,0.3,0.82,36.59,2.99,10.0,0.2,7.39,2.54,0.67,2.39,4.11,21.050609756098,0.24,0.83,41.89,3.23,7.53,0.19,7.4,2.43,0.45,2.78,4.76,0.1977569810382696,0.8847592303773533,3.204317704539265,2.7757750946302844,4.582765188570026,20.811013087365342
