Player,TOI/GP,Goals/60,Total Assists/60,IPP,Shots/60,SH%,ixG/60,iCF/60,iSCF/60,iHDCF/60,Hits/60,Shots Blocked/60
Jason Spezza,10.746009389671,0.94,1.02,67.57,7.63,12.37,0.72,13.76,6.53,2.6,2.44,1.89
Jeff Carter,17.670833333333,0.85,1.16,64.29,8.94,9.5,0.92,14.07,7.86,4.15,4.42,2.23
Dustin Brown,14.738802083333,0.57,1.21,62.22,9.29,6.16,1.0,15.14,8.33,4.52,5.6,1.27
Zach Parise,15.282113821138,0.72,0.96,55.56,6.61,10.87,0.84,9.72,7.23,3.97,2.87,2.73
Ryan Getzlaf,18.958035714286,0.17,1.92,69.81,5.88,2.88,0.53,10.85,5.03,1.41,5.03,3.16
Brian Boyle,10.788888888889,0.93,0.84,77.78,7.33,12.64,0.64,10.28,5.9,3.2,8.0,3.29
Corey Perry,13.514837398374,1.03,1.14,62.5,8.28,12.42,1.16,13.1,10.34,6.55,3.95,1.52
Loui Eriksson,12.920319634703,0.19,1.02,61.29,5.15,3.7,0.48,7.76,4.71,2.54,1.08,1.46
Patrice Bergeron,18.180136986301,1.13,1.81,65.66,13.25,8.53,1.33,19.3,12.57,5.2,3.53,2.03
Joe Pavelski,18.473983739837,1.07,2.14,70.43,8.56,12.5,1.16,14.81,9.78,5.94,4.12,2.73
Alex Ovechkin,20.571861471861,1.89,1.52,69.77,12.65,14.97,1.35,24.32,10.83,2.69,5.87,0.95
Evgeni Malkin,18.329674796748,1.6,1.76,73.68,10.3,15.5,1.05,16.21,10.06,3.83,1.68,1.44
Andrew Ladd,14.120261437908,0.58,0.42,48.0,4.75,12.28,0.68,8.92,5.5,3.42,5.67,2.75
Blake Wheeler,19.538205128205,0.8,2.03,75.0,7.89,10.18,0.92,12.43,8.93,4.25,2.93,1.75
Alexander Radulov,14.087323943662,0.24,1.08,50.0,5.52,4.35,0.81,11.34,7.86,4.38,2.58,2.88
Paul Stastny,17.783098591549,1.0,1.14,55.56,6.7,14.89,0.94,9.31,7.65,5.37,1.28,1.28
Sidney Crosby,19.974396135266,1.35,2.31,71.79,9.06,14.9,1.05,14.54,9.14,4.53,2.18,1.61
Anze Kopitar,20.769547325103,0.68,1.71,72.83,7.49,9.05,0.69,12.59,6.92,2.67,2.57,2.53
T.J. Oshie,17.450757575758,0.86,1.09,58.14,6.02,14.29,0.86,10.78,6.88,3.36,6.72,2.34
Andrew Cogliano,12.66981981982,0.26,0.77,57.14,4.8,5.33,0.45,8.19,4.67,2.37,6.66,1.98
Darren Helm,10.551225490196,0.59,0.67,68.18,7.78,7.53,0.66,12.21,6.94,3.51,9.53,2.26
Ryan Reaves,10.649275362319,0.41,0.65,72.22,3.59,11.36,0.4,5.96,4.16,2.29,22.78,1.31
Patric Hornqvist,12.670256410256,0.8,1.24,58.33,12.02,6.67,1.38,17.48,11.29,6.63,8.16,1.68
Brad Marchand,19.25119047619,1.42,2.14,76.92,10.77,13.22,1.14,17.72,10.11,3.74,3.47,0.89
Nick Foligno,12.472916666667,0.15,0.83,65.0,7.44,2.02,0.61,11.2,5.94,3.16,12.33,2.33
Kyle Okposo,16.786036036036,1.01,1.16,76.27,8.4,12.07,0.72,14.68,8.31,3.19,2.85,0.92
Trevor Lewis,12.826041666667,0.35,0.58,50.0,6.32,5.56,0.55,10.53,5.67,2.34,10.29,2.34
Milan Lucic,12.258333333333,0.6,0.66,53.85,5.67,10.53,0.72,10.21,6.27,2.57,12.48,1.31
Cal Clutterbuck,14.041807909605,0.43,0.65,83.33,5.36,8.11,0.56,8.18,5.29,2.1,16.58,1.67
Claude Giroux,19.070222222222,0.88,1.85,72.22,8.6,10.24,0.69,14.22,6.46,2.35,2.85,0.67
Jordan Staal,16.632051282051,0.79,0.88,59.02,6.75,11.64,0.93,10.82,8.05,4.81,9.8,1.34
Phil Kessel,16.678455284553,0.35,1.93,65.82,7.68,4.57,0.79,13.6,7.37,2.72,0.26,0.92
Nicklas Backstrom,17.490780141844,0.44,1.82,51.67,4.96,8.82,0.55,8.83,5.04,2.55,1.17,1.17
Jonathan Toews,17.475352112676,0.58,1.21,60.66,6.04,9.6,0.59,9.09,6.33,2.95,1.21,1.06
Alex Killorn,18.69756097561,0.98,1.33,54.13,6.42,15.24,0.87,10.68,8.26,4.46,3.44,1.02
Jamie Benn,16.741869918699,0.79,1.22,68.66,7.95,9.89,1.0,13.85,8.74,4.11,6.25,2.62
Nick Bonino,16.699791666667,0.72,0.45,49.06,6.15,11.68,0.71,9.48,5.93,3.32,1.53,4.58
Pat Maroon,12.396090534979,0.66,0.96,55.1,6.1,10.78,0.71,9.32,6.69,4.06,9.56,0.66
James van Riemsdyk,16.112398373984,1.09,0.64,64.41,8.49,12.83,1.12,12.94,8.86,5.36,1.54,1.14
Sam Gagner,13.621193415638,0.71,0.98,67.39,7.18,9.85,0.68,10.06,4.95,2.34,1.14,1.36
Logan Couture,18.932683982684,0.95,1.36,68.29,8.19,11.56,0.9,12.92,8.4,4.03,3.79,2.39
David Perron,16.98631840796,1.42,1.58,72.15,9.33,15.25,0.91,16.82,9.17,2.06,4.22,0.58
Patrick Kane,21.823290598291,0.92,2.33,79.31,10.12,9.06,0.78,18.12,7.75,1.97,0.39,0.92
Evgenii Dadonov,15.809615384615,0.97,1.12,57.33,8.61,11.3,0.92,14.6,9.1,4.57,3.16,1.22
Mikael Backlund,17.118292682927,0.51,1.15,60.0,9.15,5.61,0.87,15.17,8.21,2.95,2.65,1.15
Max Pacioretty,17.378632478632,1.68,1.59,74.0,13.1,12.84,1.28,23.19,13.37,3.98,2.66,1.86
Jakub Voracek,17.453164556962,0.26,2.44,70.45,6.4,4.08,0.5,11.01,5.27,1.91,1.17,1.22
Carl Hagelin,14.237106918239,0.24,0.87,50.0,5.65,4.23,0.59,9.3,4.69,2.39,2.54,0.95
Lars Eller,16.119212962963,0.67,0.93,57.41,6.0,11.21,0.59,11.01,6.57,2.64,4.91,1.86
Wayne Simmonds,9.3303240740741,0.45,0.98,64.0,7.06,6.33,0.81,11.88,8.66,4.82,13.22,0.98
Steven Stamkos,18.478600823045,1.68,2.57,75.71,9.66,17.43,1.03,16.07,9.02,2.97,3.73,1.24
Josh Bailey,16.891441441441,0.67,1.44,67.69,4.18,16.09,0.47,7.49,5.33,2.21,0.91,1.25
Jordan Eberle,17.951054852321,0.89,0.97,62.86,6.94,12.8,0.8,13.12,8.46,3.81,2.03,1.69
Tyler Ennis,12.54269005848,0.67,1.34,77.42,7.47,8.99,0.68,13.18,8.31,3.27,5.87,2.01
Derek Stepan,10.795689655172,0.86,0.96,76.0,9.2,9.38,1.05,13.89,8.53,4.12,2.78,2.4
Adam Henrique,17.419540229885,1.13,1.37,59.15,8.37,13.48,1.1,13.84,10.04,5.23,1.31,2.79
Gustav Nyquist,17.844308943089,0.74,1.44,55.79,5.0,14.75,0.58,8.53,5.62,2.67,1.68,2.09
Derek Grant,14.313615023474,0.89,0.83,80.56,6.91,12.82,0.78,11.39,6.2,4.01,4.07,2.89
Matt Martin,11.440845070423,0.22,0.3,29.17,4.88,4.55,0.55,7.83,4.65,2.59,17.36,1.92
Cam Atkinson,18.245662100457,1.04,1.22,67.57,9.69,10.7,1.04,14.91,8.87,4.41,0.9,2.03
Antoine Roussel,12.136163522013,0.37,0.37,66.67,5.5,6.78,0.64,9.61,5.78,3.26,6.9,3.17
Mike Hoffman,17.042039800995,0.79,1.05,63.64,8.09,9.74,0.67,14.98,5.78,1.79,1.42,1.52
Tyler Bozak,12.163333333333,0.3,0.89,70.59,4.54,6.52,0.37,7.2,4.24,1.78,1.97,2.07
Marcus Johansson,16.128502415459,0.49,1.08,56.86,5.98,8.11,0.69,9.87,6.58,3.56,1.67,1.4
Kyle Palmieri,15.624879227053,0.83,1.0,54.1,8.68,9.62,1.01,14.86,9.91,4.51,4.29,1.0
Ryan O'Reilly,19.080769230769,0.85,1.49,58.0,6.77,12.5,0.86,10.16,7.82,3.59,0.81,1.53
Alex Chiasson,11.625124378109,1.0,0.69,48.89,7.55,13.27,0.92,10.78,7.78,4.31,5.24,1.39
Jakob Silfverberg,17.038993710692,0.33,1.06,46.67,7.97,4.17,0.63,12.16,6.18,2.79,1.06,2.66
John Tavares,18.069831223629,1.13,2.06,63.87,9.96,11.39,1.42,18.03,13.45,6.72,3.78,1.85
Matt Duchene,19.013675213675,1.74,1.74,65.65,9.26,18.78,1.16,15.49,10.72,4.41,1.25,1.13
Evander Kane,19.450387596899,1.58,1.22,59.09,10.9,14.47,1.32,18.65,11.62,5.74,9.68,0.79
Brayden Schenn,17.780913978495,1.31,1.85,62.37,6.04,21.62,0.77,10.72,7.89,3.37,6.48,0.93
Nazem Kadri,19.243661971831,1.23,2.59,70.73,10.85,11.34,1.28,19.28,10.89,4.48,2.28,0.83
Zack Kassian,11.786781609195,0.53,1.14,52.78,5.09,10.34,0.6,9.04,5.79,3.42,13.52,0.53
Chris Kreider,18.730041152263,2.06,0.99,65.25,10.2,20.16,1.37,16.29,11.59,7.08,5.58,1.54
Reilly Smith,17.783630952381,0.96,1.33,66.67,9.04,10.67,1.05,15.06,10.0,4.52,3.31,1.39
Tomas Tatar,14.832236842105,0.8,0.8,63.83,7.03,11.36,0.87,12.99,8.57,3.73,3.99,1.49
Marcus Foligno,16.420945945946,1.14,0.94,58.33,4.89,23.23,0.64,8.05,5.43,3.11,11.75,2.07
Craig Smith,14.426801801802,0.9,1.12,65.45,10.51,8.56,0.93,17.87,10.06,4.5,5.34,1.57
Casey Cizikas,13.746846846847,0.59,0.35,59.26,5.37,10.99,0.6,8.67,5.84,3.42,8.14,2.54
Nicolas Deslauriers,11.365432098765,0.52,0.33,65.0,5.87,8.89,0.66,10.3,5.67,3.19,17.14,3.19
Cody Eakin,13.67077294686,0.25,0.51,48.0,4.71,5.41,0.34,7.51,3.63,1.97,2.1,1.84
Erik Haula,15.094871794872,0.92,1.32,72.13,7.19,12.77,0.72,11.06,6.98,3.41,6.57,1.83
Anders Lee,16.631798245614,1.33,0.85,52.87,7.55,17.61,1.15,12.63,9.73,6.08,4.46,1.42
Nic Dowd,14.262760416667,0.66,0.92,64.86,5.92,11.11,0.6,8.87,5.85,2.43,9.14,3.48
Mats Zuccarello,18.602619047619,1.11,2.53,69.91,7.33,15.09,0.61,12.35,6.59,2.12,1.66,1.52
Calle Jarnkrok,16.036616161616,0.68,1.02,61.22,5.73,11.88,0.65,9.92,5.78,2.15,2.15,0.96
Jason Zucker,14.820325203252,0.79,0.89,53.13,10.07,7.84,0.98,14.42,8.59,4.34,6.52,1.97
Tyler Toffoli,16.303603603604,0.99,1.44,65.33,9.7,10.26,1.08,16.36,8.8,3.83,4.03,1.19
Johan Larsson,15.91511627907,0.61,1.23,63.64,3.86,15.91,0.43,7.72,4.3,1.58,6.14,2.19
Evgeny Kuznetsov,20.280379746835,0.9,2.02,67.24,7.79,11.54,0.82,12.92,6.97,2.92,1.57,0.94
Charlie Coyle,17.400203252033,0.67,1.18,60.27,5.51,12.21,0.7,9.0,5.26,2.57,3.53,1.64
Brock Nelson,17.675,1.74,1.04,71.08,8.06,21.64,0.96,13.15,9.52,4.29,1.46,2.03
Kevin Hayes,17.923611111111,0.7,1.46,72.09,8.79,7.94,0.7,14.58,6.21,1.95,2.51,0.84
Vladimir Tarasenko,16.911333333333,1.61,2.27,74.55,10.88,14.78,1.12,18.07,11.68,3.03,3.93,2.13
Austin Watson,11.991542288557,0.75,0.45,64.0,6.57,11.36,0.59,11.05,5.3,2.54,15.91,4.7
Jaden Schwartz,18.456306306306,0.7,1.32,62.16,8.87,7.92,0.9,14.76,8.7,3.87,3.69,1.14
Riley Sheahan,12.043961352657,0.29,0.94,51.52,4.98,5.8,0.43,7.87,4.77,2.24,1.16,2.02
Jeff Skinner,17.076875,1.45,1.32,67.02,11.51,12.6,1.28,17.74,11.99,6.41,1.27,0.88
Zach Hyman,19.464912280702,1.1,1.1,60.67,8.64,12.68,1.21,14.32,10.75,6.49,3.0,1.26
Taylor Hall,16.407407407407,0.9,1.85,62.89,9.8,9.22,0.9,14.54,8.85,3.84,2.48,1.63
Ryan Johansen,16.565400843882,1.19,1.7,56.25,5.41,22.03,0.6,8.34,6.05,2.38,3.3,1.6
Tyler Seguin,17.81316872428,1.0,1.04,59.76,9.07,11.01,0.82,14.35,8.07,3.49,3.99,1.37
Mikael Granlund,20.414583333333,0.4,1.95,55.65,4.3,9.4,0.52,8.05,5.58,2.09,3.38,1.65
Nino Niederreiter,14.839777777778,1.29,1.08,57.89,7.76,16.67,1.21,13.1,9.0,5.44,6.42,0.92
Bryan Rust,18.770277777778,1.28,1.81,63.74,9.59,13.33,1.34,16.09,11.19,5.33,2.29,1.28
Joonas Donskoi,14.818666666667,0.11,1.08,53.66,4.8,2.25,0.55,8.37,6.26,2.75,1.94,1.67
Sam Carrick,11.4671875,0.9,0.65,86.36,6.54,13.75,0.67,11.36,6.05,3.35,9.97,1.72
Brendan Gallagher,15.018452380952,0.5,1.21,53.33,10.13,4.93,1.32,17.84,11.49,6.35,3.85,2.07
Jesper Fast,14.810569105691,0.69,0.99,53.97,4.79,14.43,0.74,8.45,5.83,3.56,5.39,1.78
Mark Stone,18.343243243243,0.8,1.86,61.22,6.28,12.68,0.98,10.43,7.43,3.71,1.68,2.12
Colin Blackwell,11.933908045977,0.87,0.87,66.67,6.67,12.99,0.6,10.92,6.07,2.95,7.89,2.08
Ondrej Palat,16.490692640693,0.85,1.46,56.98,6.76,12.59,0.79,11.72,8.32,3.78,5.86,1.98
Travis Boyd,16.512612612613,0.83,0.88,50.72,4.32,19.32,0.64,7.61,6.04,3.58,3.49,2.7
Johnny Gaudreau,18.572967479675,1.58,2.95,72.78,10.32,15.27,1.13,18.24,10.2,3.43,0.39,0.35
Sean Kuraly,15.855627705628,0.69,0.79,50.0,5.95,11.57,0.68,9.34,4.96,2.56,11.79,2.51
Vincent Trocheck,17.873868312757,0.87,1.24,53.68,6.96,12.5,0.99,12.43,8.79,4.81,7.67,1.91
Adam Lowry,15.480379746835,0.64,0.39,52.5,5.64,11.3,0.84,9.52,6.77,3.83,11.33,2.11
Nick Cousins,12.468382352941,0.64,0.92,66.67,7.29,8.74,0.75,12.1,7.57,3.54,4.67,1.98
Blake Coleman,14.820576131687,0.8,0.85,63.46,10.6,7.55,1.04,16.44,9.6,4.25,8.15,2.2
Jean-Gabriel Pageau,17.67380952381,0.79,0.93,55.71,5.56,14.29,0.65,8.77,6.04,3.66,7.54,2.34
Boone Jenner,20.458474576271,1.14,1.04,57.89,7.95,14.38,0.94,13.22,8.2,4.32,3.98,2.78
Brandon Saad,16.270726495726,1.13,1.18,59.04,7.47,15.19,0.99,11.16,8.23,3.69,0.95,0.95
Matt Nieto,14.403571428571,0.36,0.65,65.38,4.88,7.32,0.44,7.14,4.52,2.26,5.71,2.8
William Karlsson,18.28184079602,0.59,1.13,55.56,6.61,8.89,0.76,11.61,7.69,3.77,2.06,2.06
Nikita Kucherov,19.982978723404,1.6,2.81,72.63,9.97,16.03,1.03,17.63,10.73,3.26,2.04,0.45
Ryan Nugent-Hopkins,19.318253968254,0.54,1.92,54.35,7.59,7.14,0.75,11.39,7.49,2.91,2.07,1.68
Gabriel Landeskog,20.317647058824,1.74,1.68,58.42,8.69,20.0,1.31,14.53,9.96,5.62,5.44,1.97
Jonathan Huberdeau,19.420625,1.16,3.28,77.18,8.57,13.51,1.0,13.28,8.84,4.13,3.82,1.08
Ryan Strome,18.32545045045,0.93,1.46,49.09,7.12,13.04,0.82,11.37,6.86,3.5,1.81,0.84
Mika Zibanejad,19.632716049383,1.09,1.96,63.28,8.26,13.24,0.93,14.45,7.02,2.98,2.53,1.77
Mark Scheifele,21.133830845771,1.23,1.74,68.63,6.74,18.24,0.82,11.19,7.71,3.31,1.53,1.99
J.T. Miller,21.052916666667,1.14,2.39,76.74,7.34,15.53,0.89,12.47,8.34,3.63,6.13,1.99
Joel Armia,13.723611111111,0.44,0.58,53.85,7.51,5.83,0.74,13.04,7.58,3.28,7.58,1.97
Phillip Danault,18.125738396624,1.13,1.01,62.96,8.13,13.92,1.06,12.53,8.8,4.99,3.1,2.05
Vladislav Namestnikov,14.651333333333,0.87,0.76,63.83,4.97,17.58,0.76,8.35,5.68,3.6,3.39,2.13
Rickard Rakell,17.985238095238,0.95,1.0,52.56,8.77,10.87,0.9,16.3,9.48,3.72,4.72,2.1
Jonathan Marchessault,17.580921052632,1.35,1.62,80.49,11.27,11.95,1.21,18.55,9.65,3.86,2.74,0.76
Barclay Goodrow,16.71223628692,0.59,0.91,58.93,5.27,11.21,0.78,8.27,5.68,3.45,5.91,2.45
Luke Glendening,14.115650406504,0.47,0.36,69.57,6.01,7.76,0.71,10.0,7.21,3.89,9.28,3.06
Yanni Gourde,18.481081081081,0.92,1.18,72.73,5.62,16.41,0.64,10.79,5.97,2.98,3.38,1.36
Alex Galchenyuk,13.153611111111,0.46,1.14,61.76,6.77,6.74,0.73,11.02,7.07,3.57,5.09,1.82
Tanner Pearson,16.054901960784,0.77,1.1,58.62,8.74,8.81,0.96,13.3,8.57,3.57,4.62,2.25
Scott Laughton,16.421393034826,0.6,1.04,68.18,6.0,10.0,0.63,10.69,6.71,3.71,8.23,2.56
Zemgus Girgensons,14.789285714286,0.72,0.58,62.07,6.67,10.87,0.68,10.5,6.81,3.4,5.87,1.81
Tom Wilson,18.582264957265,0.99,1.16,53.06,6.25,15.89,0.84,11.55,7.74,3.97,9.94,2.28
Tomas Hertl,19.944105691057,1.1,1.25,60.95,7.52,14.63,0.95,13.35,9.43,5.32,3.85,2.09
Teuvo Teravainen,17.699567099567,0.97,1.89,64.36,8.89,10.89,0.89,14.35,7.44,2.55,0.66,1.32
Filip Forsberg,18.097826086957,2.02,2.02,72.41,10.86,18.58,1.19,20.37,11.58,3.89,5.38,2.31
Radek Faksa,15.769047619048,0.25,0.69,70.37,4.4,5.62,0.55,7.41,4.3,2.37,6.37,3.36
Oskar Sundqvist,13.999435028249,0.58,1.09,56.1,5.08,11.43,0.52,8.5,5.23,1.96,5.08,2.11
Chandler Stephenson,19.305274261603,0.83,1.69,64.0,4.92,16.8,0.66,7.67,4.92,2.4,2.68,1.73
Jimmy Vesey,14.426470588235,0.49,0.43,62.5,6.73,7.27,0.74,11.31,7.03,3.36,5.2,1.77
Chris Tierney,12.415,0.41,0.83,58.06,4.97,8.33,0.58,8.35,5.73,3.04,2.9,2.07
Jordan Martinook,11.200847457627,0.54,0.82,62.5,6.99,7.79,0.76,13.8,8.26,4.36,7.54,1.0
Colton Sissons,16.163291139241,0.33,0.99,60.87,4.09,8.05,0.53,7.66,4.42,2.3,8.83,2.07
Teddy Blueger,15.017948717949,0.55,1.17,68.29,5.72,9.68,0.55,8.24,5.41,2.58,5.35,1.97
Brock McGinn,14.995052083333,0.75,0.63,70.97,6.19,12.12,0.69,9.82,6.25,2.88,5.88,3.13
Dominic Toninato,8.3952380952381,0.65,0.65,70.0,4.08,15.91,0.56,8.17,5.85,2.6,8.54,2.97
Josh Anderson,17.225362318841,0.96,0.66,59.26,7.67,12.5,0.96,14.29,9.59,4.34,7.72,1.77
Vinnie Hinostroza,13.900537634409,0.91,0.84,75.76,6.4,14.13,0.58,10.72,4.59,2.16,1.74,0.91
Connor Brown,20.06484375,0.47,1.35,67.24,5.65,8.26,0.66,10.98,6.68,2.66,0.65,1.73
Alexander Kerfoot,15.214634146341,0.63,1.83,69.86,5.63,11.11,0.6,9.28,6.3,3.03,3.61,3.13
Michael Raffl,14.536184210526,0.38,0.49,80.0,5.11,7.45,0.5,8.2,5.05,2.66,7.66,1.85
Dominik Kubalik,14.52094017094,0.79,0.9,66.67,8.53,9.32,0.96,15.1,8.05,3.55,4.93,1.48
Andreas Johnsson,14.36220657277,0.76,1.29,59.32,6.71,11.4,0.72,10.53,7.18,4.06,3.77,1.29
Tyler Motte,14.011206896552,0.52,0.59,48.39,7.46,6.93,0.71,13.14,7.9,2.66,8.64,4.28
Pavel Buchnevich,18.300913242009,1.35,2.07,71.03,8.94,15.08,0.92,13.65,8.44,3.19,2.56,0.67
Jake Guentzel,20.097368421053,1.57,1.73,66.67,10.37,15.15,1.42,17.05,13.12,6.32,2.83,1.49
Mattias Janmark,14.344278606965,0.56,1.0,59.52,5.56,10.11,0.68,8.99,6.12,3.25,1.19,1.75
Anthony Duclair,14.997972972973,1.68,1.46,56.86,9.03,18.56,1.11,13.68,9.3,4.22,2.05,0.86
Carter Verhaeghe,16.053205128205,1.15,1.49,71.43,8.0,14.37,0.92,14.95,10.4,4.03,2.4,0.77
Oliver Bjorkstrand,17.944375,1.17,1.21,67.86,8.99,13.02,1.07,16.8,9.61,3.89,3.55,1.3
Nicholas Paul,16.512083333333,0.73,0.73,74.42,7.54,9.64,0.76,13.76,8.49,3.68,4.81,2.54
Andrew Copp,19.176157407407,0.91,1.39,65.43,7.95,11.48,1.03,12.3,9.04,3.91,1.96,1.78
Andre Burakovsky,16.265625,1.01,1.8,62.24,6.87,14.77,0.6,14.43,7.29,1.75,2.26,1.57
Jason Dickinson,13.050537634409,0.37,0.44,52.38,4.89,7.58,0.58,9.27,5.86,2.45,7.49,3.19
Ryan Hartman,18.180487804878,1.37,1.25,58.04,9.62,14.23,1.04,16.94,9.66,3.34,2.9,1.93
Adam Erne,13.384388185654,0.34,0.74,54.29,6.13,5.56,0.57,9.99,6.24,2.84,9.14,2.44
J.T. Compher,16.32119047619,0.95,0.79,55.93,5.36,17.65,0.84,10.45,6.72,3.26,1.63,2.89
Artturi Lehkonen,15.095045045045,1.02,1.02,76.0,8.33,12.26,1.02,14.45,9.24,4.78,4.4,2.09
William Carrier,11.62380952381,0.74,0.9,55.56,9.83,7.5,1.18,15.9,11.72,7.37,13.03,1.97
Tyler Bertuzzi,19.873039215686,1.33,1.42,67.39,7.99,16.67,1.2,13.59,9.81,4.88,2.89,1.82
Zach Sanford,14.298958333333,0.47,0.63,51.22,5.45,8.65,0.72,10.96,7.24,3.83,8.86,3.51
Nathan MacKinnon,21.061025641026,1.4,2.45,70.97,13.1,10.7,1.16,21.96,12.4,3.68,2.98,1.71
Aleksander Barkov,20.303233830846,1.72,2.16,69.84,9.44,18.22,1.08,15.0,9.88,4.37,2.21,1.85
Elias Lindholm,19.950406504065,1.54,1.47,55.03,8.66,17.8,1.05,13.97,10.71,4.73,2.42,1.91
Sean Monahan,14.059230769231,0.53,0.98,54.76,7.29,7.21,0.84,12.93,8.67,3.74,3.87,1.58
Bo Horvat,19.480238095238,1.36,0.92,54.74,8.58,15.9,1.02,13.38,9.02,3.65,4.22,1.98
Valeri Nichushkin,19.026075268817,1.27,1.37,57.14,9.16,13.89,1.08,13.43,9.92,5.44,4.53,1.37
Max Domi,13.044444444444,0.7,1.79,68.42,6.64,10.58,0.73,13.16,6.01,2.56,1.53,0.57
Alex Wennberg,17.828333333333,0.46,1.09,59.68,4.0,11.58,0.38,6.39,3.62,2.1,1.98,1.85
Curtis Lazar,11.991428571429,0.57,0.57,66.67,6.79,8.42,0.75,10.51,7.79,3.5,13.3,3.65
Conor Sheary,15.285915492958,1.05,1.33,74.14,7.13,14.73,0.89,11.83,7.52,3.54,2.49,2.43
Ryan Carpenter,12.58184079602,0.21,0.64,63.16,4.77,4.48,0.53,8.33,5.34,2.35,9.68,3.13
Garnet Hathaway,13.388377192982,0.83,0.71,53.06,7.31,11.29,0.78,11.62,7.37,3.95,14.74,3.66
Frederick Gaudreau,16.311184210526,0.68,1.45,62.86,6.39,10.61,0.64,10.99,7.16,2.57,2.32,2.08
Pierre-Edouard Bellemare,13.756666666667,0.49,0.6,46.51,3.93,12.5,0.43,7.03,4.69,2.07,4.8,2.4
Tomas Nosek,13.345777777778,0.18,0.84,54.84,5.04,3.57,0.57,9.35,5.99,2.82,5.1,2.04
Sam Reinhart,17.765384615385,1.43,2.12,63.57,8.05,17.74,1.23,14.07,10.22,5.72,2.12,1.3
Leon Draisaitl,22.349166666667,1.85,1.85,75.86,9.33,19.78,1.2,16.18,9.7,4.13,1.78,0.84
Sam Bennett,16.950234741784,1.4,1.05,56.98,12.02,11.62,1.25,19.84,12.91,5.53,5.93,1.35
William Nylander,18.27304526749,1.38,1.86,66.12,10.38,13.28,1.11,18.93,11.59,4.62,0.77,1.22
Nikolaj Ehlers,18.068817204301,1.5,1.45,69.62,13.12,11.43,1.21,24.1,13.18,3.91,1.71,1.45
Nick Ritchie,12.701461988304,0.99,0.91,67.65,7.71,12.9,1.0,13.18,9.2,5.55,12.68,1.82
Kevin Fiala,17.643089430894,1.37,2.16,77.27,10.87,12.6,1.03,18.79,10.7,4.44,2.16,0.87
Dylan Larkin,19.66103286385,1.33,1.63,69.7,9.11,14.62,0.9,16.55,9.37,3.57,3.27,1.2
Sonny Milano,15.27803030303,0.83,1.19,57.63,5.59,14.89,0.71,10.53,6.78,3.87,1.61,0.89
Alex Tuch,18.347,0.78,1.7,58.46,9.09,8.63,1.0,14.91,9.03,3.92,2.09,3.2
Nick Schmaltz,18.247354497354,1.2,1.88,74.68,6.42,18.7,0.8,11.06,6.73,2.87,0.78,1.46
Robby Fabbri,17.326488095238,1.05,0.8,58.82,7.61,13.82,0.95,13.05,8.22,4.02,5.32,1.17
Kasperi Kapanen,14.532278481013,0.57,1.1,65.31,6.74,8.53,0.58,12.28,7.32,2.56,5.75,0.99
Jared McCann,16.134684684685,1.36,1.16,80.65,10.0,13.57,1.04,17.74,9.4,3.52,3.27,1.46
David Pastrnak,18.602546296296,1.79,1.66,70.0,13.98,12.82,1.29,25.09,12.27,3.4,2.82,0.63
Adrian Kempe,18.583760683761,1.45,0.79,67.5,10.22,14.17,1.18,18.34,10.1,4.22,4.59,1.16
Ivan Barbashev,16.442181069959,1.17,1.53,69.77,5.0,23.42,0.76,8.47,6.35,3.24,7.21,1.26
Nicolas Aube-Kubel,9.8162162162162,0.91,0.99,76.67,7.19,12.64,0.67,12.56,7.02,3.47,11.56,1.49
Ryan Donato,13.794369369369,0.94,0.88,63.27,9.35,10.06,1.09,15.75,9.46,5.35,4.11,1.0
Christian Dvorak,17.375,0.68,1.36,63.46,5.36,12.64,0.69,8.88,6.35,3.33,1.97,3.21
Juho Lammikko,12.274888888889,0.46,0.52,53.57,4.37,10.45,0.5,7.69,4.63,2.41,6.06,3.0
Warren Foegele,12.611788617886,0.7,0.81,60.47,8.24,8.45,0.93,14.21,8.93,4.24,7.37,0.87
Brayden Point,19.461111111111,1.31,1.4,51.79,8.22,15.91,1.16,13.59,11.77,6.12,3.5,1.26
Michael Amadio,12.160714285714,0.97,0.62,62.07,5.64,17.19,0.6,9.6,5.73,3.0,3.7,1.41
Viktor Arvidsson,16.981313131313,1.07,1.55,72.06,12.15,8.81,1.28,22.06,13.33,4.87,1.23,2.41
Sam Lafferty,13.571130952381,0.39,0.63,61.9,6.32,6.25,0.64,9.71,7.5,3.63,10.82,2.05
Danton Heinen,12.714912280702,1.12,0.93,66.0,8.57,13.04,0.94,13.47,9.93,3.91,4.1,2.05
Michael Bunting,15.542405063291,1.12,1.95,62.38,8.55,13.14,1.17,14.46,10.65,5.82,4.15,1.03
Oskar Lindblom,13.799789029536,0.66,0.77,63.41,6.99,9.45,0.72,11.67,5.94,3.14,4.57,2.64
Anders Bjork,12.050287356322,0.43,0.26,47.06,4.38,9.8,0.39,7.98,4.81,1.89,0.94,1.37
Victor Olofsson,15.33912037037,1.09,1.58,72.06,8.91,12.2,0.74,15.92,7.55,2.12,0.54,0.81
Pierre Engvall,13.281623931624,0.87,1.16,77.78,8.92,9.74,0.88,15.64,9.27,3.13,3.82,0.7
Ondrej Kase,13.984,1.2,1.12,72.97,10.21,11.76,1.02,17.59,10.21,4.46,2.49,2.75
Jake Evans,15.595138888889,0.69,0.85,64.44,6.63,10.48,0.63,10.42,6.36,3.21,4.7,1.98
Dryden Hunt,12.2875,0.39,0.71,56.67,6.04,6.38,0.75,11.37,6.62,4.18,9.83,1.09
Andrew Mangiapane,15.727032520325,1.63,0.93,72.37,8.61,18.92,1.1,13.96,10.56,5.35,3.4,1.49
Frank Vatrano,13.159154929577,1.16,0.9,72.73,10.34,11.18,0.93,17.08,9.31,3.34,4.37,1.67
Kyle Connor,21.776160337553,1.64,1.6,80.17,11.06,14.83,1.15,17.4,10.85,3.45,1.12,0.8
Pavel Zacha,16.845952380952,0.76,1.07,60.0,7.53,10.14,0.88,13.43,9.51,3.41,4.07,0.92
Connor McDavid,22.06625,1.5,2.69,81.46,10.71,13.97,1.39,16.35,11.49,5.34,2.55,0.88
Jack Eichel,19.391666666667,1.27,1.0,59.52,12.1,10.53,0.99,17.56,10.1,3.28,4.1,3.19
Jordan Greenway,14.562365591398,0.66,1.13,49.09,7.31,9.09,0.86,11.03,6.31,3.39,10.3,2.06
Timo Meier,19.160173160173,1.42,1.67,77.55,13.26,10.74,1.22,23.3,13.1,4.76,6.59,2.48
Mikko Rantanen,20.971111111111,1.37,2.14,57.86,9.69,14.17,1.09,17.51,10.15,3.55,2.21,1.64
Jansen Harkins,9.4753246753247,0.58,0.49,72.22,5.51,10.45,0.52,11.68,6.41,2.3,4.19,1.48
Sebastian Aho,18.945358649789,1.48,1.76,72.97,8.86,16.74,1.43,16.12,11.87,6.13,3.05,0.92
Evgeny Svechnikov,10.755092592593,0.54,0.93,70.37,6.04,8.97,0.58,9.53,6.43,3.41,8.06,1.7
Christian Fischer,13.114150943396,0.43,0.43,71.43,6.56,6.58,0.61,10.62,6.04,3.37,7.86,1.9
Keegan Kolesar,12.663203463203,0.43,1.05,63.16,5.78,7.45,0.72,8.74,5.91,3.63,15.14,2.83
Travis Konecny,17.613713080169,0.69,1.55,72.22,9.49,7.27,0.95,16.47,9.27,3.71,3.45,1.47
Dylan Strome,17.440579710145,1.1,1.3,64.86,6.28,17.46,0.67,9.12,7.03,4.09,0.55,1.65
Brock Boeser,18.572535211268,1.05,1.05,55.42,8.87,11.79,1.13,17.79,10.33,4.0,1.59,1.18
Mathew Barzal,18.019634703196,0.68,2.01,78.67,7.34,9.32,0.77,11.49,7.12,3.1,1.64,0.78
Roope Hintz,18.036041666667,1.54,1.46,66.67,8.86,17.37,1.18,15.26,11.64,5.28,3.41,2.2
Jack Roslovic,14.281275720165,1.14,1.19,70.31,6.79,16.79,0.63,11.36,6.54,2.59,3.11,1.3
Nicolas Roy,16.258974358974,0.71,1.14,52.7,6.86,10.34,1.02,11.26,9.18,5.63,4.02,1.61
Anthony Beauvillier,16.833333333333,0.57,1.05,55.74,7.32,7.79,0.82,11.98,9.17,3.14,1.85,0.95
Daniel Sprong,12.987301587302,1.03,0.44,57.14,11.22,9.15,1.02,19.73,11.29,3.81,3.15,0.88
Mathieu Joseph,14.19806763285,0.73,1.1,71.43,5.27,13.95,0.63,9.19,6.19,3.31,6.49,1.65
Lawson Crouse,17.438717948718,1.06,0.74,66.67,6.93,15.27,0.84,11.86,7.83,3.86,9.58,1.91
Mitchell Marner,20.88287037037,1.4,2.47,71.85,8.94,15.63,0.96,16.76,9.82,3.47,2.99,1.24
Joel Eriksson Ek,18.578354978355,1.09,0.96,50.52,9.4,11.61,1.0,13.88,8.81,5.28,5.79,1.85
Denis Gurianov,14.185159817352,0.64,1.16,64.58,8.34,7.64,0.78,16.28,8.11,3.36,3.88,1.85
Jake DeBrusk,15.037878787879,1.3,0.88,75.0,9.59,13.51,0.97,14.41,9.22,4.15,3.21,1.3
Yakov Trenin,14.667708333333,0.87,0.36,61.54,6.95,12.5,0.83,12.43,7.31,3.32,9.77,1.69
Anthony Cirelli,18.312938596491,0.73,1.12,58.9,6.29,11.64,0.76,11.21,8.02,3.75,3.23,2.89
Evan Rodrigues,15.836991869919,0.88,1.11,58.9,11.27,7.79,1.01,18.16,10.07,3.65,4.11,1.39
Artemi Panarin,19.222444444444,0.92,3.08,83.48,7.37,12.43,0.71,15.4,7.91,1.5,0.92,0.58
Derek Ryan,11.430888888889,0.7,0.84,64.71,5.04,13.89,0.56,8.26,5.04,2.8,2.66,2.66
Conor Garland,16.38658008658,0.9,1.57,72.22,9.65,9.36,0.92,15.74,9.18,3.19,2.47,1.05
Kirill Kaprizov,19.106378600823,1.82,2.36,80.0,11.2,16.26,1.08,19.97,11.13,3.61,2.83,1.12
Dominik Simon,10.28587962963,0.24,0.81,46.43,7.13,3.41,0.62,11.18,6.64,3.24,5.83,3.08
Rudolfs Balcers,15.036885245902,0.72,0.78,62.16,6.41,11.22,0.67,10.47,6.93,3.21,7.52,2.81
Troy Terry,18.236444444444,1.62,1.32,75.28,8.42,19.27,1.06,14.34,9.91,4.3,0.26,1.18
Adam Gaudette,11.319540229885,0.46,0.82,66.67,8.59,5.32,0.78,14.81,8.13,2.65,6.58,0.91
Mason Appleton,14.884803921569,0.47,0.77,52.5,5.81,8.16,0.67,10.14,5.39,2.79,3.79,1.19
Steven Lorentz,10.88855721393,0.66,0.41,56.52,6.58,10.0,0.85,11.68,7.98,4.61,5.51,1.07
Mason Marchment,14.10987654321,1.42,2.28,77.05,9.53,14.88,1.37,16.3,10.16,5.43,8.98,0.71
Ryan Lomberg,11.414848484848,0.86,0.86,66.67,8.7,9.89,0.85,15.48,9.65,3.73,11.18,0.67
Kevin Rooney,13.85,0.43,0.43,63.16,5.04,8.45,0.42,7.81,4.47,2.13,5.97,3.34
Matthew Tkachuk,17.89756097561,1.72,2.53,70.75,10.34,16.6,1.46,18.6,12.26,6.42,3.8,0.82
Luke Kunin,13.829674796748,0.69,0.48,51.16,6.61,10.4,0.77,11.06,7.2,2.96,11.8,2.7
Auston Matthews,20.609589041096,2.39,1.83,72.11,13.88,17.24,1.53,23.89,16.23,5.82,2.67,2.47
Rasmus Asplund,14.343541666667,0.42,0.99,55.1,6.8,6.15,0.69,10.04,5.44,2.98,1.57,0.73
Alex DeBrincat,20.856300813008,1.44,1.3,69.03,9.47,15.19,1.09,16.49,10.38,3.05,3.54,1.23
Patrik Laine,18.82619047619,1.48,1.71,74.67,9.5,15.57,0.86,18.04,8.48,1.71,1.93,0.74
Clayton Keller,20.138805970149,1.25,1.56,73.26,7.87,15.82,0.85,12.18,6.94,2.67,0.76,1.38
Jesse Puljujarvi,16.229230769231,0.8,1.25,48.65,9.1,8.75,1.2,15.02,10.18,5.18,4.61,0.85
Dillon Dube,12.839029535865,1.06,0.83,64.0,8.46,12.59,0.91,13.49,9.11,3.96,5.15,0.89
Sam Steel,12.312009803922,0.43,1.0,64.52,4.8,8.96,0.49,8.96,5.73,2.51,2.65,1.93
Trent Frederic,11.657222222222,0.69,0.86,66.67,8.58,8.0,0.8,13.47,8.66,3.77,10.21,1.89
Tyson Jost,12.821041666667,0.47,0.7,57.14,5.67,8.25,0.5,9.18,5.5,2.46,3.22,2.16
Jonathan Dahlen,13.792076502732,0.86,0.71,61.11,7.49,11.43,0.91,12.69,8.77,4.85,1.14,2.42
Jordan Kyrou,16.577027027027,1.32,2.35,81.52,9.2,14.36,0.85,15.8,10.27,2.98,0.29,1.12
Taylor Raddysh,12.335810810811,0.72,0.72,46.81,6.84,10.58,0.91,10.71,7.82,4.73,6.77,1.38
Noah Gregor,14.935714285714,0.51,0.96,71.88,9.95,5.13,0.8,16.77,9.44,3.57,7.52,3.12
Pierre-Luc Dubois,18.925514403292,1.1,1.25,56.6,9.12,12.02,1.27,15.38,11.82,6.5,4.38,1.68
Jesper Bratt,17.427850877193,1.18,2.13,77.66,8.92,13.2,0.81,14.68,8.61,3.62,1.18,1.36
Nathan Bastian,11.905555555556,0.84,0.42,38.3,6.79,12.37,0.99,11.55,8.47,5.32,14.7,2.8
Michael McLeod,13.325974025974,0.35,0.82,58.82,4.56,7.69,0.42,7.37,4.5,1.4,8.48,1.99
Tage Thompson,17.882905982906,1.63,1.29,68.69,10.88,15.02,1.0,19.66,9.64,3.01,2.84,1.08
Janne Kuokkanen,13.488596491228,0.47,0.86,58.62,4.99,9.38,0.5,8.51,5.77,2.34,2.58,1.72
Rem Pitlick,14.990656565657,0.91,1.33,66.07,3.94,23.08,0.61,5.88,4.61,3.27,1.52,1.7
Brandon Duhaime,10.218125,0.44,0.81,56.67,6.68,6.59,0.6,11.82,6.31,3.08,14.75,1.32
Ross Colton,12.797890295359,1.31,1.01,81.25,9.44,13.84,1.11,15.37,9.67,4.63,9.08,2.14
Brandon Hagel,16.35670995671,1.19,0.91,61.97,5.95,20.0,0.77,10.62,6.76,3.14,3.0,1.52
Dylan Gambrell,12.136243386243,0.24,0.31,29.17,4.55,5.17,0.52,8.0,4.87,2.28,8.08,3.06
Tanner Jeannot,15.987448559671,1.11,0.79,74.55,5.75,19.35,0.75,9.96,7.09,4.03,14.73,2.97
Trevor Moore,15.687448559671,0.8,1.46,70.59,9.54,8.42,1.25,16.1,9.25,5.29,3.26,1.51
Zack MacEwen,9.6633333333333,0.25,0.5,45.0,6.79,3.66,0.7,12.0,5.88,2.9,13.16,2.65
Zach Aston-Reese,13.037439613527,0.33,0.67,48.39,5.2,6.41,0.53,8.67,4.54,2.6,15.41,2.8
Kailer Yamamoto,16.870987654321,0.88,0.92,56.94,5.01,17.54,0.79,8.25,6.63,4.04,5.01,1.58
Morgan Geekie,12.632648401826,0.46,0.98,64.71,6.31,7.22,0.63,12.3,7.03,2.6,3.58,1.5
Michael Rasmussen,14.516041666667,0.78,0.62,58.7,6.67,11.63,0.8,10.08,7.29,4.55,7.34,3.36
Casey Mittelstadt,16.120416666667,0.56,1.21,59.38,7.35,7.59,0.63,11.17,6.05,2.51,1.77,1.12
Nico Hischier,19.344047619048,0.93,1.73,72.29,6.78,13.73,0.84,11.96,8.37,3.99,2.22,2.13
Jesper Boqvist,13.129166666667,0.82,1.06,76.67,6.04,13.51,0.62,11.02,5.96,2.86,2.53,1.31
Eeli Tolvanen,13.427777777778,0.66,0.71,45.1,9.0,7.28,0.76,15.85,8.16,2.44,10.49,2.68
Elias Pettersson,18.593125,1.29,1.45,65.38,7.74,16.67,0.89,15.61,9.2,3.31,1.98,1.73
Owen Tippett,13.422751322751,0.71,0.78,45.65,8.94,7.94,0.92,15.11,8.16,3.48,6.95,1.14
Nick Suzuki,20.510162601626,0.75,1.43,67.78,6.64,11.29,0.67,11.02,6.31,2.46,3.18,2.21
Robert Thomas,18.776851851852,0.89,2.53,68.75,5.1,17.39,0.71,8.48,6.88,3.33,0.58,1.11
Jason Robertson,18.111261261261,1.84,1.7,69.3,9.85,18.64,1.18,17.91,10.88,4.97,2.24,1.07
Morgan Frost,13.922424242424,0.39,0.86,57.14,6.66,5.88,0.64,11.91,6.58,2.74,3.45,2.27
Alex Formenton,15.451687763713,0.88,0.69,76.19,7.96,11.11,0.94,12.58,8.5,4.57,4.96,1.18
Max Comtois,14.135256410256,0.49,0.82,48.48,5.88,8.33,0.68,10.61,6.37,2.86,9.06,1.39
Martin Necas,16.179487179487,0.67,1.24,64.52,7.56,8.81,0.68,14.03,6.66,2.28,2.61,0.9
Josh Norris,18.57904040404,1.71,0.98,61.11,8.42,20.35,0.99,15.61,9.25,3.33,3.87,2.15
Ryan Poehling,12.195321637427,0.78,0.69,70.83,7.85,9.89,0.83,11.83,7.51,4.14,3.45,2.42
Filip Chytil,13.175124378109,0.54,0.95,61.11,9.18,5.93,0.98,15.7,10.54,4.96,1.63,1.84
Alex Iafallo,18.502742616034,0.7,0.82,52.11,8.83,7.91,0.94,14.16,8.66,4.1,1.97,2.18
David Kampf,15.265040650407,0.53,0.72,48.15,4.89,10.78,0.59,8.05,5.22,2.35,3.83,1.25
Eetu Luostarinen,13.430982905983,0.52,0.97,63.41,4.81,10.71,0.56,8.76,5.78,2.98,5.9,2.63
Drake Batherson,18.928623188406,1.17,1.86,68.75,7.65,15.32,0.84,13.02,8.27,3.51,6.13,1.03
Jacob Peterson,11.063076923077,1.0,0.42,68.0,7.09,14.12,0.8,12.18,8.93,3.92,1.84,1.92
Pius Suter,16.922967479675,0.65,0.91,66.67,7.18,9.04,0.89,11.54,8.17,3.68,1.04,1.6
Eric Robinson,13.892039800995,0.64,1.1,77.14,6.7,9.62,0.72,12.05,6.45,3.35,6.12,1.29
Oliver Wahlstrom,12.058904109589,0.89,0.75,54.55,10.7,8.28,1.05,18.81,10.97,3.34,6.88,1.3
Joel Farabee,17.587037037037,0.92,0.92,61.82,6.44,14.29,0.71,11.26,5.85,2.87,3.95,2.06
Philipp Kurashev,12.853980099502,0.42,1.05,70.0,5.99,6.98,0.54,9.89,5.85,2.44,2.16,2.09
Brady Tkachuk,18.801687763713,1.21,1.49,63.81,11.63,10.42,1.4,18.62,12.28,6.95,10.91,1.01
Ryan McLeod,12.759624413146,0.6,0.79,65.63,5.43,10.98,0.54,9.47,5.89,2.72,1.85,1.66
Isac Lundestrom,15.485625,0.77,0.63,69.05,4.07,19.05,0.53,7.02,4.84,2.71,1.84,2.66
Joe Veleno,13.218181818182,0.55,0.48,60.0,5.02,10.96,0.47,8.6,5.09,2.27,8.46,1.72
Filip Zadina,14.175,0.57,0.8,52.17,8.81,6.49,0.81,16.24,9.15,3.49,3.26,1.94
Jesperi Kotkaniemi,12.023232323232,0.91,1.29,69.05,6.12,14.81,0.72,11.04,6.81,4.01,5.6,1.13
Andrei Svechnikov,17.259829059829,1.34,1.74,63.3,11.1,12.05,1.38,20.81,11.77,4.77,8.42,0.67
Rasmus Kupari,11.800877192982,0.45,0.71,56.52,4.55,9.8,0.52,8.83,4.91,2.59,6.07,1.52
Barrett Hayton,16.118055555556,0.62,0.87,55.81,5.09,12.2,0.61,9.31,6.33,3.29,5.21,2.05
Yegor Sharangovich,16.50548245614,1.15,1.05,64.79,8.04,14.29,0.87,14.06,8.66,3.87,1.43,1.24
Logan O'Connor,13.871399176955,0.43,0.85,57.14,6.78,6.3,0.58,10.79,6.89,3.36,5.34,3.15
Nico Sturm,11.904279279279,0.61,0.75,60.61,6.88,8.91,0.65,10.22,5.65,3.13,6.74,1.98
Blake Lizotte,12.16380952381,0.7,0.99,60.0,6.41,10.99,0.68,9.94,6.06,3.31,5.21,0.85
Peyton Krebs,14.549415204678,0.51,1.09,57.89,4.05,12.5,0.38,7.16,4.63,1.88,1.81,0.58
Kirby Dach,18.036666666667,0.43,0.81,44.83,5.51,7.76,0.64,9.41,5.89,2.99,2.33,2.09
Dylan Cozens,15.896202531646,0.62,1.19,56.72,7.64,8.13,0.75,12.66,7.69,3.39,1.67,1.05
Trevor Zegras,17.905333333333,1.03,1.7,79.22,8.09,12.71,0.77,14.88,8.13,2.59,2.5,1.21
Nils Hoglander,13.088055555556,0.76,0.61,64.29,10.09,7.58,1.06,14.52,10.62,4.89,3.13,1.22
Cole Caufield,16.680348258706,1.23,1.07,66.15,10.09,12.23,0.96,17.56,10.58,2.95,0.97,0.38
Kaapo Kakko,15.445736434109,0.63,0.99,52.94,5.6,11.29,0.63,10.21,6.59,3.43,0.72,1.36
Matt Boldy,15.373758865248,1.25,1.99,60.94,9.38,13.27,0.81,16.28,9.13,2.91,1.91,1.99
Jack Hughes,19.565306122449,1.63,1.88,77.78,10.33,15.76,1.1,18.53,11.52,4.44,0.38,0.94
Arthur Kaliyev,12.649166666667,0.83,0.77,52.94,11.5,7.22,0.97,18.38,9.66,3.74,1.84,0.71
Philip Tomasino,11.536403508772,0.75,1.44,72.73,7.6,9.91,0.86,12.93,8.49,3.28,3.35,1.92
Connor McMichael,10.468137254902,0.76,0.76,66.67,8.93,8.49,0.99,13.82,9.86,5.23,3.88,1.85
Vasily Podkolzin,12.791772151899,0.83,0.71,56.52,6.83,12.17,0.6,11.34,6.95,2.97,4.99,1.96
Alex Newhook,13.564319248826,0.81,1.25,71.74,7.04,11.5,0.63,12.65,7.97,2.43,2.49,2.24
Ilya Mikheyev,15.259119496855,1.56,0.82,64.0,10.91,14.29,1.17,15.21,10.53,5.34,3.86,1.34
Lucas Raymond,18.156910569106,0.93,1.37,65.52,7.42,12.5,0.78,11.57,7.7,3.18,2.5,0.97
Seth Jarvis,13.875,1.08,1.46,68.97,7.0,15.45,0.95,12.91,8.97,4.52,4.39,1.34
Alexis Lafrenière,13.996624472574,1.03,0.65,63.27,5.97,17.27,0.63,10.47,6.51,3.31,5.86,1.41
Dawson Mercer,16.541260162602,0.75,1.11,54.55,6.81,11.04,0.74,10.93,7.87,4.11,1.15,1.55
Anton Lundell,15.735641025641,1.06,1.53,57.89,7.33,14.4,0.83,13.08,8.1,2.93,1.53,3.29
Tim Stützle,18.411392405063,0.91,1.49,67.44,7.3,12.43,0.9,12.95,8.75,3.55,5.16,2.15
Alexander Barabanov,17.180714285714,0.5,1.45,60.94,5.14,9.71,0.54,8.28,5.74,3.04,2.64,1.95
Yegor Chinakhov,12.508064516129,0.54,0.54,48.28,7.58,7.14,0.6,14.62,6.96,2.01,3.87,1.24
Cole Sillinger,13.699156118143,0.89,0.83,72.09,8.21,10.81,0.88,14.08,9.15,3.71,5.43,2.38
