,Player,TOI_GP_Proj,Goal_Proj,Assist_Proj,Shots_Proj,Hits_Proj,Shots_Blocked_Proj,Total_Goals,Total_Assists,Total_Shots,Total_Hits,Total_Shots_Blocked,Projected Fantasy Points
0,Jeff Carter,14.553387869217827,0.7916310045673741,0.9861088580944531,7.75811929222786,4.354598899578836,2.603913617890361,15.36121741169006,15.36121741169006,15.36121741169006,15.36121741169006,15.36121741169006,57.60456529383772
1,Zach Parise,16.140121476697324,0.8468876004587291,0.8309313878738734,7.458151983666066,3.695118317818315,3.1932367571451468,18.22515833135013,18.22515833135013,18.22515833135013,18.22515833135013,18.22515833135013,68.344343742563
2,Corey Perry,12.582867980547793,0.8738365216929083,0.9499159277832409,7.708411087856596,3.341659573199256,1.5968874187672248,14.660492785390604,14.660492785390604,14.660492785390604,14.660492785390604,14.660492785390604,54.976847945214764
3,Patrice Bergeron,17.332517044533482,1.3064334150964934,1.526702026256272,11.60753809519738,3.12881226617894,2.200636473842691,30.191705912944073,30.191705912944073,30.191705912944073,30.191705912944073,30.191705912944073,113.21889717354028
4,Joe Pavelski,17.60493601818966,1.1641821321534571,1.7965076227123866,8.757494566998563,3.8878118346802304,2.5505873223943083,27.327135933441646,27.327135933441646,27.327135933441646,27.327135933441646,27.327135933441646,102.47675975040617
5,Alex Ovechkin,19.6369675449474,1.503847147299389,1.639586879110995,12.40521020616367,6.854441742855382,1.050031403310279,39.37466349877311,39.37466349877311,39.37466349877311,39.37466349877311,39.37466349877311,147.65498812039914
6,Evgeni Malkin,18.22766009391981,1.284007794888243,1.9595313189462955,10.373652562005368,2.108407582603952,1.4011489128579335,31.205943524221862,31.205943524221862,31.205943524221862,31.205943524221862,31.205943524221862,117.02228821583199
7,Blake Wheeler,17.199365051181807,0.9660023778526218,1.6715387861170858,7.993301837166469,2.790717303730016,1.7278555342832171,22.15283671599588,22.15283671599588,22.15283671599588,22.15283671599588,22.15283671599588,83.07313768498454
8,Paul Stastny,13.202218541279366,0.7478548016997298,0.9457624713138452,6.207700222652762,1.583065878899605,1.3252586770330668,13.164456705579969,13.164456705579969,13.164456705579969,13.164456705579969,13.164456705579969,49.366712645924885
9,Sidney Crosby,19.53726994903941,1.2428862607920237,1.9800719428662843,9.14768641220486,2.559975221258864,1.6865550714814133,32.37680585739462,32.37680585739462,32.37680585739462,32.37680585739462,32.37680585739462,121.41302196522983
10,Anze Kopitar,19.72783955379666,0.9013525698179152,1.5608353409314648,7.300006978298588,2.573304168836592,2.77848373033407,23.70898517169351,23.70898517169351,23.70898517169351,23.70898517169351,23.70898517169351,88.90869439385064
11,T.J. Oshie,16.770313258904196,1.0276574429057437,1.158929810066246,7.887321241382483,7.123889158553999,2.1256871985487003,22.978849653831695,22.978849653831695,22.978849653831695,22.978849653831695,22.978849653831695,86.17068620186883
12,Andrew Cogliano,13.287920861705317,0.4635042300176605,0.7061010515024266,5.164649941147715,4.184141325649458,2.67934926738287,8.212010036720441,8.212010036720441,8.212010036720441,8.212010036720441,8.212010036720441,30.795037637701654
13,Ryan Reaves,10.6582592314309,0.4618630244402321,0.8049631615017725,4.567649859728805,17.533462300055227,1.8333096764131231,6.563541125195599,6.563541125195599,6.563541125195599,6.563541125195599,6.563541125195599,24.613279219483495
14,Brad Marchand,18.273259247193916,1.1999726321341369,1.9161768104445849,10.088532205805816,3.5568299463886084,1.0552829704934648,29.23654799536632,29.23654799536632,29.23654799536632,29.23654799536632,29.23654799536632,109.6370549826237
15,Nick Foligno,13.083321407133422,0.6090068274269241,1.024601418351018,6.579160513705647,11.305331364174842,2.2661857000340264,10.623776083153446,10.623776083153446,10.623776083153446,10.623776083153446,10.623776083153446,39.839160311825424
16,Kyle Okposo,15.184989005397709,0.796501150787113,1.0824339788503483,7.717189870350086,3.8355853994906175,1.2821748421700288,16.12648162331858,16.12648162331858,16.12648162331858,16.12648162331858,16.12648162331858,60.47430608744466
17,Trevor Lewis,12.932243640533908,0.5681962513566835,0.7247773650073607,6.471123126712267,9.230830851900825,2.062569843349957,9.797403144243567,9.797403144243567,9.797403144243567,9.797403144243567,9.797403144243567,36.74026179091337
18,Milan Lucic,12.27833458884082,0.6131012521462189,0.8386195077744836,6.083261203485518,11.13843056746224,1.207874065807396,10.037149747584715,10.037149747584715,10.037149747584715,10.037149747584715,10.037149747584715,37.63931155344269
19,Claude Giroux,18.455270406033776,1.0713171443418168,1.7097208058201994,8.13419333934199,2.9555995188537034,1.0994031294858615,26.361930119264194,26.361930119264194,26.361930119264194,26.361930119264194,26.361930119264194,98.8572379472407
20,Jordan Staal,16.357587807715458,0.7775522422279223,0.8938774771823742,6.749328043698805,7.465139856171113,1.6470697686070048,16.958505436439037,16.958505436439037,16.958505436439037,16.958505436439037,16.958505436439037,63.594395386646376
21,Phil Kessel,13.796931159927066,0.8919929117277191,1.383336806372777,8.405672677015241,0.7410004609489798,1.419885435330923,16.40901973100032,16.40901973100032,16.40901973100032,16.40901973100032,16.40901973100032,61.5338239912512
22,Nicklas Backstrom,16.888638762881378,0.7095006953168703,1.306734486949098,5.905012519275382,2.044662374037612,1.7805333308479112,15.976667926959715,15.976667926959715,15.976667926959715,15.976667926959715,15.976667926959715,59.91250472609894
23,Jonathan Toews,17.504462860757997,0.7546033610622996,1.1286408318659067,5.999540168731552,0.9896052931402304,1.3865926601705758,17.61190201109091,17.61190201109091,17.61190201109091,17.61190201109091,17.61190201109091,66.04463254159091
24,Alex Killorn,17.244459346845836,1.0231220991046328,1.4771231509763034,6.744744177773239,2.8875446882601485,1.2887234072159302,23.52424992649256,23.52424992649256,23.52424992649256,23.52424992649256,23.52424992649256,88.21593722434707
25,Jamie Benn,16.00837306008787,1.1694199564646324,1.6700312359587413,8.790896701886599,4.86706001593577,2.0131981171743747,24.960681235996734,24.960681235996734,24.960681235996734,24.960681235996734,24.960681235996734,93.60255463498775
26,Nick Bonino,16.102028643634082,0.5993039206728618,0.6698367019012101,5.723495356789333,1.4548704154144674,4.335738776437619,12.86667852922217,12.86667852922217,12.86667852922217,12.86667852922217,12.86667852922217,48.25004448458313
27,Pat Maroon,11.577595561256931,0.5760323200501849,0.7782746249905693,5.7918531337861365,10.983497384632932,0.9243148549774726,8.892092309004736,8.892092309004736,8.892092309004736,8.892092309004736,8.892092309004736,33.34534615876776
28,James van Riemsdyk,15.632078699764698,0.8435093584326848,0.9549623685875056,7.858637587645997,1.4508012265059034,1.3011720383763747,17.581072900010344,17.581072900010344,17.581072900010344,17.581072900010344,17.581072900010344,65.9290233750388
29,Logan Couture,18.6914693510166,1.000741113064597,1.4197926722509215,8.233432607968865,4.505094837734236,2.473237963973886,24.94042912419887,24.94042912419887,24.94042912419887,24.94042912419887,24.94042912419887,93.52660921574578
30,David Perron,16.872279220271068,1.1036970733410687,1.55172573124705,9.03696027687648,4.435982677750118,0.9982595940082656,24.829180261342007,24.829180261342007,24.829180261342007,24.829180261342007,24.829180261342007,93.10942598003253
31,Patrick Kane,19.0877485745451,0.9760636337599864,1.678311557095512,8.584653715763167,0.7608817922579927,0.9665880661763132,24.84114297862332,24.84114297862332,24.84114297862332,24.84114297862332,24.84114297862332,93.15428616983746
32,Evgenii Dadonov,15.137332175736244,0.7484182643352026,1.203636553630185,7.125310643352923,2.319989152845792,1.9674217375853875,15.10540783150658,15.10540783150658,15.10540783150658,15.10540783150658,15.10540783150658,56.645279368149666
33,Mikael Backlund,17.807104130827614,0.8890145928683698,1.26945412749188,8.778891330656638,3.5596816772529274,1.2869082472885347,21.107700572043168,21.107700572043168,21.107700572043168,21.107700572043168,21.107700572043168,79.15387714516186
34,Lars Eller,15.21604418037716,0.6284388904222297,0.8687194373890738,6.021679851542149,4.519112578660927,1.943920022127731,12.749805228442463,12.749805228442463,12.749805228442463,12.749805228442463,12.749805228442463,47.81176960665923
35,Steven Stamkos,18.567759984091914,1.3848144028450422,2.094387779287393,10.30457696976152,3.616441914584911,1.73806620705007,34.28386860605376,34.28386860605376,34.28386860605376,34.28386860605376,34.28386860605376,128.5645072727016
36,Josh Bailey,15.539608767770344,0.6415352904222686,1.1815098703336635,4.501425132175164,0.9793522565419784,1.7008506504354144,13.292276565173307,13.292276565173307,13.292276565173307,13.292276565173307,13.292276565173307,49.84603711939989
37,Jordan Eberle,16.787089803489767,0.9774346141766672,1.5234477872215322,7.757083218012664,2.0916982394666244,1.3601409116556478,21.87771019363078,21.87771019363078,21.87771019363078,21.87771019363078,21.87771019363078,82.04141322611542
38,Derek Stepan,10.49359698783313,0.6987857735556141,0.7582489799435352,8.14518815645832,2.739275739081578,2.028628569258252,9.777035051365115,9.777035051365115,9.777035051365115,9.777035051365115,9.777035051365115,36.66388144261918
39,Adam Henrique,17.847390908547176,1.0663760608598984,1.1636806781116216,8.244084185945674,1.6171733585232242,2.459266634485564,25.376040551577734,25.376040551577734,25.376040551577734,25.376040551577734,25.376040551577734,95.1601520684165
40,Gustav Nyquist,17.47074366579018,0.776338450188251,1.2012148190639815,5.609248344171627,2.538475870133272,1.9945569582998688,18.084280081514336,18.084280081514336,18.084280081514336,18.084280081514336,18.084280081514336,67.81605030567877
41,Derek Grant,15.09044528018697,0.5567390292897917,0.9200542285518234,5.805697169595683,3.425158010151661,2.391221961569314,11.201919809122682,11.201919809122682,11.201919809122682,11.201919809122682,11.201919809122682,42.007199284210046
42,Matt Martin,12.085994476392315,0.5065247911899836,0.6853801788312663,5.80796047404663,17.687867778741754,2.4378693551527864,8.16247443797055,8.16247443797055,8.16247443797055,8.16247443797055,8.16247443797055,30.609279142389557
43,Mike Hoffman,15.95439525847973,0.787093930603246,1.1599061587605364,7.4687878597124095,1.5657958453362602,1.464914766988035,16.7434768991928,16.7434768991928,16.7434768991928,16.7434768991928,16.7434768991928,62.78803837197299
44,Marcus Johansson,16.47595886503663,0.7587175574331252,1.162136532703359,6.48358788633999,1.50376473377871,1.245900246086249,16.667465688598984,16.667465688598984,16.667465688598984,16.667465688598984,16.667465688598984,62.50299633224619
45,Kyle Palmieri,16.880957352086433,1.0402919923195753,1.181637380745948,9.014947023719028,4.599374975980174,1.1451127479404928,23.414833008085036,23.414833008085036,23.414833008085036,23.414833008085036,23.414833008085036,87.8056237803189
46,Ryan O'Reilly,17.8208674168177,0.93488706571052,1.200069339932652,7.173990176948637,1.2582358125669348,1.5137683310989378,22.213997930299882,22.213997930299882,22.213997930299882,22.213997930299882,22.213997930299882,83.30249223862458
47,Jakob Silfverberg,15.58753850473055,0.5548513859871578,0.8500436013908117,6.20262786624128,0.8918486821424818,2.4438679702678474,11.531689791303911,11.531689791303911,11.531689791303911,11.531689791303911,11.531689791303911,43.24383671738966
48,John Tavares,17.518734632845714,1.540480504510283,1.8059324961617524,11.925791526564584,4.409917498751417,1.6540729199852635,35.98302555411725,35.98302555411725,35.98302555411725,35.98302555411725,35.98302555411725,134.93634582793968
49,Matt Duchene,18.08168633808249,1.2419946039398826,1.6931177865936766,9.408476269644924,1.443095436191846,1.4129808329531814,29.943142482709263,29.943142482709263,29.943142482709263,29.943142482709263,29.943142482709263,112.28678431015975
50,Evander Kane,18.42139292656864,1.329033520599629,1.2971477637994913,11.240847540287543,9.18131179164909,1.1348035261731222,32.64353159406217,32.64353159406217,32.64353159406217,32.64353159406217,32.64353159406217,122.41324347773312
51,Brayden Schenn,18.06524744102766,1.0688511702459635,1.7439192237707293,6.565715351613685,5.626988810904674,1.4400492925333062,25.74541449083375,25.74541449083375,25.74541449083375,25.74541449083375,25.74541449083375,96.54530434062656
52,Nazem Kadri,17.29435750200151,1.2889947485638964,1.7015692198900707,10.984562917221954,3.663926620520488,1.2326727791277678,29.72311466648876,29.72311466648876,29.72311466648876,29.72311466648876,29.72311466648876,111.46167999933286
53,Chris Kreider,18.14023017813477,1.2955221186867112,1.1106597498272237,10.10249795583502,5.212476459929912,1.2527730605978291,31.334759245122367,31.334759245122367,31.334759245122367,31.334759245122367,31.334759245122367,117.50534716920887
54,Reilly Smith,16.98328464894984,1.1015829006902744,1.4036722794910226,8.940190647289768,3.2117179869745915,1.472467868297134,24.94466128911837,24.94466128911837,24.94466128911837,24.94466128911837,24.94466128911837,93.54247983419387
55,Tomas Tatar,15.339217825062065,0.9127088840342332,1.1676063389878055,7.82937196072183,3.398163604685345,1.501968198869851,18.66698717742722,18.66698717742722,18.66698717742722,18.66698717742722,18.66698717742722,70.00120191535208
56,Marcus Foligno,15.391172568795364,0.7085697267925569,1.0190620302505105,4.529841501264513,12.944028581736417,2.252602195743705,14.540958589451236,14.540958589451236,14.540958589451236,14.540958589451236,14.540958589451236,54.528594710442135
57,Craig Smith,12.249309285282372,0.8641074138801955,0.9325756635993688,8.544587195407775,4.363986761170947,1.7206584703059578,14.112958624432022,14.112958624432022,14.112958624432022,14.112958624432022,14.112958624432022,52.92359484162008
58,Casey Cizikas,14.809225374872446,0.4968328683440821,0.6850783349629641,5.485564387177861,8.70963864157001,2.678150818520672,9.810279894602456,9.810279894602456,9.810279894602456,9.810279894602456,9.810279894602456,36.788549604759204
59,Nicolas Deslauriers,11.2973150428396,0.4823924785079859,0.5486888528247311,5.724815815412455,19.70938901101572,2.278895004927828,7.26631973866793,7.26631973866793,7.26631973866793,7.26631973866793,7.26631973866793,27.248699020004736
60,Erik Haula,16.48580286493812,0.7759503646229889,1.19074233704413,7.068299223207942,4.7169966652834425,2.1703255196057767,17.0562196588686,17.0562196588686,17.0562196588686,17.0562196588686,17.0562196588686,63.96082372075725
61,Anders Lee,17.06553534727188,1.104809257671648,1.0407586979762162,8.332371274460582,4.9470341816783865,2.037898281494229,25.138881918384953,25.138881918384953,25.138881918384953,25.138881918384953,25.138881918384953,94.2708071939436
62,Nic Dowd,13.97780040084346,0.7433875732114625,1.014676692783379,6.144922421847229,8.845267436519817,3.678434539998905,13.85456415842297,13.85456415842297,13.85456415842297,13.85456415842297,13.85456415842297,51.95461559408613
63,Mats Zuccarello,19.44869134953693,1.0017198825320368,1.8578676268103504,7.23838311325229,2.0040665621441813,1.7919774257451582,25.976187752079966,25.976187752079966,25.976187752079966,25.976187752079966,25.976187752079966,97.41070407029987
64,Calle Jarnkrok,14.904895929085194,0.9173648304349372,1.2153097164187927,7.068590664831111,2.737593667803525,1.1390505570931098,18.2309697688475,18.2309697688475,18.2309697688475,18.2309697688475,18.2309697688475,68.36613663317813
65,Jason Zucker,15.737694806042292,1.0777164644797073,1.1050339004289853,9.377250725838728,8.363149095458063,1.6263559614737808,22.614363740571402,22.614363740571402,22.614363740571402,22.614363740571402,22.614363740571402,84.80386402714274
66,Tyler Toffoli,16.581702497337602,1.262087511558755,1.617942390892647,10.070932374039112,3.044448654220392,0.9372180724702748,27.90341285636321,27.90341285636321,27.90341285636321,27.90341285636321,27.90341285636321,104.63779821136204
67,Evgeny Kuznetsov,18.02013097852284,0.842560211510906,1.6021303364075694,7.419578311897822,1.862045512116772,1.1905299047956055,20.244060491624577,20.244060491624577,20.244060491624577,20.244060491624577,20.244060491624577,75.91522684359215
68,Charlie Coyle,16.96054423473579,0.7803104457015332,1.2157987311341965,6.558369379222766,3.1354287013716986,2.2691993088236204,17.64598644152967,17.64598644152967,17.64598644152967,17.64598644152967,17.64598644152967,66.17244915573625
69,Brock Nelson,18.060061646500287,1.3286799803117764,1.6260716008847595,9.21060800089692,1.979587377231323,1.8104564598868245,31.994723137201962,31.994723137201962,31.994723137201962,31.994723137201962,31.994723137201962,119.98021176450736
70,Kevin Hayes,17.437996074224543,0.8040677216864347,1.3791221164854528,7.711636153920023,2.3859933761196954,1.0118430982985869,18.69510636557163,18.69510636557163,18.69510636557163,18.69510636557163,18.69510636557163,70.10664887089361
71,Vladimir Tarasenko,16.77772860998818,1.3261183086942232,1.9033706866610351,11.078248691358446,3.8658798960515672,1.9260259111851004,29.665670784010942,29.665670784010942,29.665670784010942,29.665670784010942,29.665670784010942,111.24626544004104
72,Austin Watson,11.457550603962083,0.6053859014608638,0.5651491849096721,6.163209708216738,12.885505488385162,4.353925348979768,9.248319467884066,9.248319467884066,9.248319467884066,9.248319467884066,9.248319467884066,34.68119800456525
73,Jaden Schwartz,17.38123658476945,0.9361348695007202,1.106518499260956,8.417343185652356,3.004157326907085,1.2610064487044474,21.69490885605906,21.69490885605906,21.69490885605906,21.69490885605906,21.69490885605906,81.35590821022147
74,Jeff Skinner,17.235550889639185,1.3903195011925384,1.7419122008370562,10.98878763048545,1.2298475673991962,0.840029106313148,31.95056335421569,31.95056335421569,31.95056335421569,31.95056335421569,31.95056335421569,119.81461257830881
75,Zach Hyman,19.495868600761888,1.2294579925221978,1.4484863817452596,9.713783922033858,2.980575342731105,1.0152477176882158,31.95913529649235,31.95913529649235,31.95913529649235,31.95913529649235,31.95913529649235,119.84675736184633
76,Taylor Hall,16.085746823982724,1.0608206356923873,1.4413465771951666,9.19107308131074,2.358502331688836,1.881807203192186,22.752122895205535,22.752122895205535,22.752122895205535,22.752122895205535,22.752122895205535,85.32046085702078
77,Ryan Johansen,15.961043763469329,0.9406339312720584,1.3884418120420017,5.719113026800677,3.387814490894883,1.4598253245376889,20.017999123250036,20.017999123250036,20.017999123250036,20.017999123250036,20.017999123250036,75.06749671218763
78,Tyler Seguin,16.72492049721913,1.0103351636887066,1.3110432476871658,8.815891219516505,3.953944160877081,1.2600019124412496,22.530367050984662,22.530367050984662,22.530367050984662,22.530367050984662,22.530367050984662,84.48887644119246
79,Mikael Granlund,17.847091928652958,0.6414710486022744,1.3179387002772711,5.444367977440332,3.361877414819129,2.186080221155333,15.264523698632269,15.264523698632269,15.264523698632269,15.264523698632269,15.264523698632269,57.241963869871014
80,Nino Niederreiter,16.207154447913545,1.096440271260366,1.0859789929637964,8.504586659299662,7.087170381184711,1.3969336698041073,23.693569092305296,23.693569092305296,23.693569092305296,23.693569092305296,23.693569092305296,88.85088409614488
81,Bryan Rust,17.763195041718657,1.116741890450526,1.311974787240595,9.714405420012548,3.5672273389133013,1.795769870332788,26.449205348440405,26.449205348440405,26.449205348440405,26.449205348440405,26.449205348440405,99.18452005665151
82,Jesper Fast,15.05132217853822,0.6447448726217888,0.9629503303034832,5.14642218326985,5.17069521572297,1.9260576990512608,12.939017067721505,12.939017067721505,12.939017067721505,12.939017067721505,12.939017067721505,48.52131400395563
83,Mark Stone,18.81927908422847,1.1294372225395373,1.5465769920530574,8.424125616434061,2.2010376753025747,1.8083170504937505,28.340259065449878,28.340259065449878,28.340259065449878,28.340259065449878,28.340259065449878,106.27597149543702
84,Colin Blackwell,12.614885209868737,0.51696027004623,0.83906093905956,5.605633744764994,5.417137110398867,1.7793030941195518,8.695192619594579,8.695192619594579,8.695192619594579,8.695192619594579,8.695192619594579,32.60697232347967
85,Ondrej Palat,15.80135597216596,0.851349074613498,1.2832171006014983,7.009110897615785,5.442593800513571,2.805583977780356,17.936626379389278,17.936626379389278,17.936626379389278,17.936626379389278,17.936626379389278,67.26234892270979
86,Travis Boyd,16.541030184212943,0.698403269918045,0.9793670584853276,4.14443979732743,2.331267493103869,2.524523399077381,15.403079424623202,15.403079424623202,15.403079424623202,15.403079424623202,15.403079424623202,57.76154784233701
87,Johnny Gaudreau,18.871014108894038,1.2530588746344806,2.1014017579768995,9.991178835477069,0.5226901253186773,0.7353188267130832,31.528655603336226,31.528655603336226,31.528655603336226,31.528655603336226,31.528655603336226,118.23245851251085
88,Sean Kuraly,15.400683167463235,0.5997125094572003,0.7224020556652738,5.613489030485214,10.234862702649346,2.451258946844108,12.314643132952856,12.314643132952856,12.314643132952856,12.314643132952856,12.314643132952856,46.17991174857321
89,Vincent Trocheck,18.731115383871888,1.014499958575914,1.3791162516866693,8.30590890680169,6.810096999360754,1.7521042976727483,25.336954374691594,25.336954374691594,25.336954374691594,25.336954374691594,25.336954374691594,95.01357890509345
90,Adam Lowry,15.791792185096764,0.6829248795209849,0.8415761113064014,6.411091667824422,8.165840991712559,2.086526145139971,14.379477033903516,14.379477033903516,14.379477033903516,14.379477033903516,14.379477033903516,53.9230388771382
91,Nick Cousins,12.088944923090631,0.745226354287691,1.1158730805434165,7.237335342096903,5.450443946754069,2.237527780991668,12.01200046962603,12.01200046962603,12.01200046962603,12.01200046962603,12.01200046962603,45.04500176109761
92,Blake Coleman,15.401894812351385,0.976367206960067,1.0018417207050987,9.782892884323498,5.781105097462074,1.95815202534941,20.050540026437687,20.050540026437687,20.050540026437687,20.050540026437687,20.050540026437687,75.18952509914135
93,Jean-Gabriel Pageau,17.449936035540144,0.7224715094424786,1.136930058453227,5.677169303359342,7.855461734085901,2.624888098756941,16.809442169695185,16.809442169695185,16.809442169695185,16.809442169695185,16.809442169695185,63.03540813635694
94,Boone Jenner,19.628980653855304,1.0182525717334965,1.0491631503088468,8.304297779598254,5.036492286205323,2.806331025712231,26.649680041726953,26.649680041726953,26.649680041726953,26.649680041726953,26.649680041726953,99.93630015647605
95,Brandon Saad,16.611278571323105,0.9695286564450964,1.158834046758623,7.599524147836498,1.34682874208773,1.4115217103576263,21.473480793453483,21.473480793453483,21.473480793453483,21.473480793453483,21.473480793453483,80.52555297545054
96,Matt Nieto,14.119277804136257,0.5189681984295736,0.7382497198927719,5.639916432340312,3.313591585338884,2.060560770823561,9.769941553519013,9.769941553519013,9.769941553519013,9.769941553519013,9.769941553519013,36.6372808256963
97,William Karlsson,17.399103564137654,0.8032342025063733,1.3013726383368789,7.298120353073233,2.2052029414033485,2.0373483315633885,18.634073434221207,18.634073434221207,18.634073434221207,18.634073434221207,18.634073434221207,69.87777537832952
98,Nikita Kucherov,19.529768079520576,1.4899557161794317,2.634816832608553,11.0143537250007,2.2861221063408235,0.9484332815003256,38.79798611432038,38.79798611432038,38.79798611432038,38.79798611432038,38.79798611432038,145.4924479287014
99,Ryan Nugent-Hopkins,19.223359021375337,1.1188572257095069,1.996233849822288,8.02019735091422,1.996024261519263,1.2768596992545211,28.67759219129844,28.67759219129844,28.67759219129844,28.67759219129844,28.67759219129844,107.54097071736916
100,Jonathan Huberdeau,17.055072317335277,1.0230939387252938,1.949606710978536,7.7737350021905,3.209298843613344,1.249044191742521,23.26525481651636,23.26525481651636,23.26525481651636,23.26525481651636,23.26525481651636,87.24470556193634
101,Ryan Strome,17.08482406391265,0.7672592837301233,1.1903826000923738,6.149559014279735,1.5857412281067464,1.0692225121156258,17.47798649857706,17.47798649857706,17.47798649857706,17.47798649857706,17.47798649857706,65.54244936966397
102,Mika Zibanejad,19.37153230417485,1.1984526031054077,1.806159509812984,8.552563122426987,2.662361711591194,1.76244530730628,30.954484421438462,30.954484421438462,30.954484421438462,30.954484421438462,30.954484421438462,116.07931658039422
103,Mark Scheifele,19.89214174270604,1.211244858915952,1.4393318422450043,7.985797355858408,1.884938702943787,1.6035663206798048,32.12567255824013,32.12567255824013,32.12567255824013,32.12567255824013,32.12567255824013,120.4712720934005
104,J.T. Miller,20.033624173744105,1.1612196956030112,1.88030442261416,8.051538523342668,6.596464821799264,1.8675116242381848,31.017918619813678,31.017918619813678,31.017918619813678,31.017918619813678,31.017918619813678,116.31719482430127
105,Joel Armia,15.11086657410912,0.6995696778508592,0.7453821751929489,7.465310819622325,4.511118076493988,2.1485086272088374,14.094805415062446,14.094805415062446,14.094805415062446,14.094805415062446,14.094805415062446,52.855520306484166
106,Phillip Danault,18.01954120597245,0.8847624661661427,1.2586139854381937,7.442237610580926,3.2243901669340915,2.5508130228594696,21.257351622104817,21.257351622104817,21.257351622104817,21.257351622104817,21.257351622104817,79.71506858289305
107,Vladislav Namestnikov,13.47435670327066,0.7009104553740336,0.9653737920342408,5.731394743807588,5.574314015484749,2.241612687178816,12.592423323682134,12.592423323682134,12.592423323682134,12.592423323682134,12.592423323682134,47.22158746380801
108,Rickard Rakell,18.09030261578478,1.0757373563246198,1.2588554970336168,9.110899957834707,5.205139205657451,2.05488640517418,25.947219081355563,25.947219081355563,25.947219081355563,25.947219081355563,25.947219081355563,97.30207155508336
109,Jonathan Marchessault,17.091265024494213,1.2381330359532647,1.5058003960441355,10.810043452414584,3.31133305090757,0.9021737131148544,28.215013137411823,28.215013137411823,28.215013137411823,28.215013137411823,28.215013137411823,105.80629926529431
110,Barclay Goodrow,14.809860894874056,0.6381157035517132,0.9677445844799936,5.713627621185063,5.971411976969728,2.846690527983159,12.600539739247417,12.600539739247417,12.600539739247417,12.600539739247417,12.600539739247417,47.25202402217781
111,Luke Glendening,13.008676675188656,0.3865534131433297,0.3908527342612139,5.716768101155068,8.020792309439903,3.5774849171203087,6.704731159029596,6.704731159029596,6.704731159029596,6.704731159029596,6.704731159029596,25.142741846360984
112,Yanni Gourde,17.169322261745783,0.727958559238809,1.278412010196589,5.6003140295686045,4.53298644393743,1.968556610715264,16.664740129023027,16.664740129023027,16.664740129023027,16.664740129023027,16.664740129023027,62.49277548383634
113,Scott Laughton,17.833716146041148,0.6829684792161089,1.043907929682911,5.931386033510076,6.734400429914615,2.3627261672597952,16.23982132671132,16.23982132671132,16.23982132671132,16.23982132671132,16.23982132671132,60.89932997516743
114,Zemgus Girgensons,13.748455227600806,0.6457851962048347,0.6807584543764371,6.546316844256193,5.4649903523760415,2.388205167377686,11.838065142226096,11.838065142226096,11.838065142226096,11.838065142226096,11.838065142226096,44.39274428334786
115,Tomas Hertl,18.895171651037465,1.0121826150432924,1.4124359752205962,7.931578500480868,3.647008869995247,2.1380054928424665,25.500485671251983,25.500485671251983,25.500485671251983,25.500485671251983,25.500485671251983,95.62682126719493
116,Teuvo Teravainen,16.93047526415142,0.850514206436482,1.401520453202309,7.692979905637644,0.9818354513647,1.159182626429332,19.19947964517631,19.19947964517631,19.19947964517631,19.19947964517631,19.19947964517631,71.99804866941118
117,Filip Forsberg,17.38453570711291,1.4695709906627927,1.8620521998488024,11.603392105551972,5.578366951389819,1.697967378512499,34.06374581508615,34.06374581508615,34.06374581508615,34.06374581508615,34.06374581508615,127.73904680657304
118,Radek Faksa,14.3896570368383,0.4378704170013984,0.6112350695900277,5.503898253086418,5.096120027128867,3.361875015608152,8.401073502969991,8.401073502969991,8.401073502969991,8.401073502969991,8.401073502969991,31.504025636137467
119,Oskar Sundqvist,14.334686846350424,0.6410654830807111,1.1106908351244424,5.339006628248383,4.284525487396369,1.8914361381620373,12.252630597288466,12.252630597288466,12.252630597288466,12.252630597288466,12.252630597288466,45.94736473983174
120,Chandler Stephenson,18.640776563441303,0.7705765260725207,1.5845228681940728,5.130088919111139,2.88583059125136,1.9916387131087576,19.15219313006755,19.15219313006755,19.15219313006755,19.15219313006755,19.15219313006755,71.82072423775331
121,Jimmy Vesey,14.18499374791474,0.5847814467696217,0.6865295588512708,6.600652287395131,5.148763277094307,2.0034388453378447,11.060161555098162,11.060161555098162,11.060161555098162,11.060161555098162,11.060161555098162,41.4756058316181
122,Jordan Martinook,15.388732929629446,0.7206705365905023,0.9102027609797008,7.325438136534116,4.725887887911009,1.3574165790635375,14.78694189045865,14.78694189045865,14.78694189045865,14.78694189045865,14.78694189045865,55.451032089219936
123,Colton Sissons,15.98789867172742,0.5181122869931026,0.8661728554892135,5.200627484428006,7.562111596627689,2.751803095951946,11.044702326696909,11.044702326696909,11.044702326696909,11.044702326696909,11.044702326696909,41.41763372511342
124,Teddy Blueger,13.719671000300403,0.5314120869399669,0.9029591800979632,5.876548974328238,5.127424054622399,2.8026339447230844,9.721065331199174,9.721065331199174,9.721065331199174,9.721065331199174,9.721065331199174,36.45399499199691
125,Brock McGinn,13.80966792321125,0.6391325063013928,0.7166702845281518,6.009910882009226,5.209496626142645,2.668588644685176,11.768276894602609,11.768276894602609,11.768276894602609,11.768276894602609,11.768276894602609,44.131038354759795
126,Josh Anderson,16.924888117420508,0.9754922048216068,0.8651610939168071,8.369435624055036,6.981627675407937,2.192790910934074,22.01346190136206,22.01346190136206,22.01346190136206,22.01346190136206,22.01346190136206,82.55048213010772
127,Alexander Kerfoot,15.004900454844895,0.7127767832931137,1.2481472758517649,6.305001792603891,3.003628662211804,2.4734986377072428,14.260192906450296,14.260192906450296,14.260192906450296,14.260192906450296,14.260192906450296,53.47572339918861
128,Dominik Kubalik,15.159810652945165,0.910761151449106,1.1358333564718437,8.35703872573237,4.4778920248800045,1.4072111037053163,18.409288808035683,18.409288808035683,18.409288808035683,18.409288808035683,18.409288808035683,69.03483303013381
129,Tyler Motte,13.377386587825328,0.7595076870569517,0.8750283736252288,7.787659492034849,8.506179196141803,4.1439548398487975,13.546970594914535,13.546970594914535,13.546970594914535,13.546970594914535,13.546970594914535,50.80113973092951
130,Pavel Buchnevich,18.87187197892948,1.20173604397068,1.944589134253048,8.57626720954735,2.6964691912148133,1.076451363959046,30.238678365706452,30.238678365706452,30.238678365706452,30.238678365706452,30.238678365706452,113.3950438713992
131,Jake Guentzel,19.528172520626335,1.4170026636996471,1.5763926929423964,11.124820054826166,3.115915906104283,1.6798443817026727,36.89529663855169,36.89529663855169,36.89529663855169,36.89529663855169,36.89529663855169,138.35736239456887
132,Mattias Janmark,14.95848915001208,0.619987790780358,0.9434774641229507,5.555485042433525,1.4211955232939193,1.6704761204661778,12.365440855370593,12.365440855370593,12.365440855370593,12.365440855370593,12.365440855370593,46.370403207639725
133,Carter Verhaeghe,17.21943695601581,1.403461887266095,1.598652233893885,9.903604920862213,1.7227958884887136,1.2092346394024338,32.22243131726599,32.22243131726599,32.22243131726599,32.22243131726599,32.22243131726599,120.83411743974747
134,Oliver Bjorkstrand,15.999890392261424,1.0595408159079218,1.2662887104136136,9.303201306047264,3.1802218050966404,1.646745519141326,22.603382560871985,22.603382560871985,22.603382560871985,22.603382560871985,22.603382560871985,84.76268460326995
135,Nicholas Paul,16.265820430795642,0.7237707471501704,0.8581834298670691,7.007546553670991,4.930324838541059,2.20763962522095,15.69696667494329,15.69696667494329,15.69696667494329,15.69696667494329,15.69696667494329,58.863625031037344
136,Andrew Copp,17.98982526607837,0.7372040706771584,1.2118447539839237,6.983247334114953,1.6504156631407014,1.7940850472720713,17.68289655589836,17.68289655589836,17.68289655589836,17.68289655589836,17.68289655589836,66.31086208461885
137,Andre Burakovsky,16.535786249597898,1.0772029476052452,1.8607378127526208,7.622401501531587,1.7069837460882646,1.330478456350091,23.74986358538285,23.74986358538285,23.74986358538285,23.74986358538285,23.74986358538285,89.06198844518569
138,Jason Dickinson,15.785255503001176,0.5527605034694865,0.8417987708831021,5.950079137802583,5.7850141577169545,3.3863176915966844,11.633954372311218,11.633954372311218,11.633954372311218,11.633954372311218,11.633954372311218,43.62732889616707
139,Ryan Hartman,16.52167891527168,1.1221328238316577,1.419900490215518,9.466133215320356,3.5968970935867586,2.521150567553913,24.719357620845024,24.719357620845024,24.719357620845024,24.719357620845024,24.719357620845024,92.69759107816884
140,Adam Erne,13.919240537962494,0.5827600200559756,0.8195988099864044,6.12536782857475,10.406746142010885,3.268348157171977,10.815435860089295,10.815435860089295,10.815435860089295,10.815435860089295,10.815435860089295,40.557884475334845
141,J.T. Compher,19.496928145537648,0.7714950888483796,1.124336024847944,5.766800016082065,1.5862058413405542,2.758450209998365,20.055712415882724,20.055712415882724,20.055712415882724,20.055712415882724,20.055712415882724,75.20892155956022
142,Artturi Lehkonen,19.319080848133392,0.9449234288015872,1.257661054038146,8.172904500694639,4.237025008733548,1.9773431341547565,24.340069488417704,24.340069488417704,24.340069488417704,24.340069488417704,24.340069488417704,91.27526058156641
143,William Carrier,13.16788377099714,1.087242366378257,0.9545730549955914,8.959877342632511,11.10650179808122,1.884563323650457,19.088908148497037,19.088908148497037,19.088908148497037,19.088908148497037,19.088908148497037,71.58340555686388
144,Tyler Bertuzzi,16.81790100237885,0.9457648776450228,1.4126069708567488,7.89966283301096,3.634048458459117,1.685388410485376,21.207706778347916,21.207706778347916,21.207706778347916,21.207706778347916,21.207706778347916,79.5289004188047
145,Nathan MacKinnon,21.248652461406337,1.6135278106935576,2.422357009133125,12.376838776091445,2.3866181180071866,1.601296574420052,45.71372224832166,45.71372224832166,45.71372224832166,45.71372224832166,45.71372224832166,171.42645843120624
146,Aleksander Barkov,20.36873117441139,1.2441647704281107,2.065677398327794,9.23978274946678,2.28972668201558,1.923756164925348,33.7894103273646,33.7894103273646,33.7894103273646,33.7894103273646,33.7894103273646,126.71028872761723
147,Elias Lindholm,18.42881660251491,1.1447614671652016,1.5943569941198643,8.59331928723116,3.520944318294726,1.9471943046506817,28.128798842684528,28.128798842684528,28.128798842684528,28.128798842684528,28.128798842684528,105.48299566006699
148,Bo Horvat,19.87049538458057,1.1893219246715212,1.319733532438583,8.90468655119571,2.7620245739821523,1.9735824774332875,31.50988775328792,31.50988775328792,31.50988775328792,31.50988775328792,31.50988775328792,118.16207907482968
149,Valeri Nichushkin,19.544946374218977,1.0678636790202989,1.4878245659109943,8.540703117415479,3.4497012465259926,1.8223201678482333,27.828451121903903,27.828451121903903,27.828451121903903,27.828451121903903,27.828451121903903,104.35669170713966
150,Max Domi,17.142971994522917,0.859136582219491,1.4697335846532225,7.099698972076969,1.302692405981016,0.978095736805882,19.63753915794516,19.63753915794516,19.63753915794516,19.63753915794516,19.63753915794516,73.64077184229436
151,Alex Wennberg,18.26550197062684,0.4759547859398778,0.9570477830792908,4.095130748900864,1.9135511282266824,2.193439409865432,11.591404107352151,11.591404107352151,11.591404107352151,11.591404107352151,11.591404107352151,43.46776540257058
152,Conor Sheary,15.861526100516835,0.8203411961334945,1.150604073236947,7.084323511839764,2.685254902418209,1.985837195994732,17.34915105840083,17.34915105840083,17.34915105840083,17.34915105840083,17.34915105840083,65.05931646900311
153,Garnet Hathaway,12.743953706780031,0.7332566330233735,0.7987096626289943,6.474847809509565,14.790750592323056,4.1963083869478135,12.459451448585687,12.459451448585687,12.459451448585687,12.459451448585687,12.459451448585687,46.72294293219633
154,Frederick Gaudreau,16.161193625465888,0.7952191334759634,1.148034360187384,6.384712766051869,2.158951946515511,2.203910756365642,17.135587187706996,17.135587187706996,17.135587187706996,17.135587187706996,17.135587187706996,64.25845195390123
155,Pierre-Edouard Bellemare,12.39782188637464,0.4774196123194464,0.7573436204222653,4.31563067356563,4.749133842052377,2.9466991903308792,7.891951091464705,7.891951091464705,7.891951091464705,7.891951091464705,7.891951091464705,29.594816592992643
156,Tomas Nosek,13.301531747069312,0.5378614720003557,0.8124647896233337,6.128160916524446,4.904948452891322,2.123255327556108,9.539175260450886,9.539175260450886,9.539175260450886,9.539175260450886,9.539175260450886,35.77190722669082
157,Sam Reinhart,19.066123050144007,1.2245657418130662,1.5384764110935858,8.853188119637224,2.260185030265069,1.6524834605230296,31.130294821865057,31.130294821865057,31.130294821865057,31.130294821865057,31.130294821865057,116.73860558199397
158,Leon Draisaitl,20.93414273502685,1.5047260073203206,2.2642719647351592,9.890695492565996,2.259592314108315,1.270050460475263,42.00019868580086,42.00019868580086,42.00019868580086,42.00019868580086,42.00019868580086,157.50074507175327
159,Sam Bennett,17.231077938680208,1.1774279853504672,1.3016597681706152,10.803369366349816,7.240245591355041,1.7246130396264274,27.051137843676155,27.051137843676155,27.051137843676155,27.051137843676155,27.051137843676155,101.44176691378557
160,William Nylander,18.193988027586656,1.475140102913031,1.8961353279288773,11.116946460571157,0.9635401141415296,1.1813237682919504,35.78490849521685,35.78490849521685,35.78490849521685,35.78490849521685,35.78490849521685,134.19340685706317
161,Nikolaj Ehlers,16.02960235748083,1.403749955097708,1.9489908568968088,12.309562706855342,2.764459970346894,1.145891583738529,30.00207145273044,30.00207145273044,30.00207145273044,30.00207145273044,30.00207145273044,112.50776794773915
162,Nick Ritchie,13.980712418906643,0.8383453897435541,0.9176985317425208,7.484512383553052,12.161991466481672,1.8690025346999013,15.627554402294448,15.627554402294448,15.627554402294448,15.627554402294448,15.627554402294448,58.60332900860417
163,Kevin Fiala,17.43418252863627,1.3300425621504814,2.09170103474891,10.75565705867228,2.5813464694615096,0.997741431943586,30.91760639918206,30.91760639918206,30.91760639918206,30.91760639918206,30.91760639918206,115.9410239969327
164,Dylan Larkin,19.07268055891904,1.2334894631177038,1.7613369013864049,9.481374505812722,2.321543121200898,1.181161643559111,31.36793400378202,31.36793400378202,31.36793400378202,31.36793400378202,31.36793400378202,117.62975251418257
165,Sonny Milano,13.74146262889306,0.8330194206156735,1.3654846823278926,5.848275601953693,2.5801930628787377,1.118400325692208,15.262540316709902,15.262540316709902,15.262540316709902,15.262540316709902,15.262540316709902,57.234526187662134
166,Alex Tuch,18.65317632417089,1.194058747811397,1.6920254679548792,8.84634786183583,2.345173384111108,2.293320920748508,29.697317819126255,29.697317819126255,29.697317819126255,29.697317819126255,29.697317819126255,111.36494182172348
167,Nick Schmaltz,19.05703072743557,1.0496049873188595,1.726439978965587,6.897539837059504,0.8800737029198604,1.4357386858809966,26.669805993340173,26.669805993340173,26.669805993340173,26.669805993340173,26.669805993340173,100.01177247502564
168,Kasperi Kapanen,14.249258530230575,0.8351403075411329,1.2686080943504268,6.846452664370504,6.115916221819859,1.285611249425819,15.866840201559834,15.866840201559834,15.866840201559834,15.866840201559834,15.866840201559834,59.50065075584937
169,Jared McCann,16.364746498488113,1.3121337914123772,1.5731729396762433,9.669340015734782,3.1287482147174663,1.407048978972477,28.630315824751513,28.630315824751513,28.630315824751513,28.630315824751513,28.630315824751513,107.36368434281817
170,David Pastrnak,18.9822018217688,1.8230367197703248,2.099619480960032,13.905852297451045,3.26554666925354,1.1220306455469986,46.140334590900906,46.140334590900906,46.140334590900906,46.140334590900906,46.140334590900906,173.0262547158784
171,Adrian Kempe,18.38250665892861,1.2702921765577495,1.276130919975792,10.089219692276082,4.536847225458079,1.2898582803458063,31.134872525810326,31.134872525810326,31.134872525810326,31.134872525810326,31.134872525810326,116.75577197178875
172,Ivan Barbashev,16.70200185506284,0.8879305605348392,1.382668493181111,5.329842530148578,7.394265800720229,1.755442155928021,19.773623825626494,19.773623825626494,19.773623825626494,19.773623825626494,19.773623825626494,74.15108934609935
173,Nicolas Aube-Kubel,12.088088915057613,0.6605798444362753,0.937964043348296,6.872124196580706,10.96363182605116,1.1863814228761351,10.646863860054161,10.646863860054161,10.646863860054161,10.646863860054161,10.646863860054161,39.92573947520311
174,Ryan Donato,12.38003401548326,0.97034894204017,1.0545080331919272,8.603745010350233,4.771866904225709,1.041829803069822,16.017270545794,16.017270545794,16.017270545794,16.017270545794,16.017270545794,60.06476454672749
175,Christian Dvorak,16.865031814228416,0.6723222627343576,1.0632768169758815,5.614055607720552,1.2758261034376468,3.2831968714588533,15.118315133905302,15.118315133905302,15.118315133905302,15.118315133905302,15.118315133905302,56.69368175214488
176,Warren Foegele,13.34489797166325,0.9660383891298382,1.0415499565714046,9.06289540717196,6.654282388521809,1.3764455631360448,17.18891165286348,17.18891165286348,17.18891165286348,17.18891165286348,17.18891165286348,64.45841869823806
177,Brayden Point,19.138949305379512,1.5220433931406243,1.721031715094068,9.954809549618645,2.1022395076415066,1.3939518488806744,38.840415122541636,38.840415122541636,38.840415122541636,38.840415122541636,38.840415122541636,145.65155670953115
178,Michael Amadio,12.940769437032454,0.8696442056841578,1.0201681230958055,5.940392573939551,3.959471240948541,1.782478827641985,15.005153544013218,15.005153544013218,15.005153544013218,15.005153544013218,15.005153544013218,56.269325790049564
179,Viktor Arvidsson,17.003505954219882,1.2816780306952422,1.5547308162183515,11.054940098684192,1.3652201565031103,2.197978902384937,29.057360035092486,29.057360035092486,29.057360035092486,29.057360035092486,29.057360035092486,108.96510013159681
180,Sam Lafferty,14.846617492781435,0.6773770559927954,0.8673048284804824,6.716573343007286,7.903602727363456,1.948329177780558,13.409010731615234,13.409010731615234,13.409010731615234,13.409010731615234,13.409010731615234,50.283790243557135
181,Danton Heinen,11.912765308508035,0.9485104254367256,1.1911434272886166,8.547305743511252,5.655921973771187,2.114729477849972,15.065842787867762,15.065842787867762,15.065842787867762,15.065842787867762,15.065842787867762,56.496910454504096
182,Michael Bunting,15.908391098125009,1.1224262881847125,1.399984795958586,8.744690478939763,3.9616179254604016,1.0105143125697098,23.8079951616789,23.8079951616789,23.8079951616789,23.8079951616789,23.8079951616789,89.27998185629586
183,Oskar Lindblom,11.87616484782054,0.6078733390035652,0.8123213797322848,6.632209315350528,4.75009509425073,2.0822155384876613,9.625605307468586,9.625605307468586,9.625605307468586,9.625605307468586,9.625605307468586,36.096019903007196
184,Victor Olofsson,14.820724162091418,1.0813983678749004,1.2668861892829335,8.165058448185729,1.0240492830747103,0.9513515266914364,21.369475892813018,21.369475892813018,21.369475892813018,21.369475892813018,21.369475892813018,80.1355345980488
185,Pierre Engvall,14.09960692069422,0.9231336930274572,1.0850182074829031,8.496426675726372,3.070353704565409,0.6377420353579555,17.35442960924793,17.35442960924793,17.35442960924793,17.35442960924793,17.35442960924793,65.07911103467973
186,Jake Evans,14.944291057153835,0.5463341997061273,1.0495991737995376,5.95215751079817,2.86444309004522,2.616231912184127,10.886103059847434,10.886103059847434,10.886103059847434,10.886103059847434,10.886103059847434,40.82288647442788
187,Andrew Mangiapane,16.685135962525933,1.045563061733371,1.1924537732232394,9.01018396580923,3.6382457502906274,1.3183540746553255,23.26048245655492,23.26048245655492,23.26048245655492,23.26048245655492,23.26048245655492,87.22680921208097
188,Frank Vatrano,16.34366123969077,0.9782685610979328,1.0670125643757489,9.17580403120019,3.9382601213995785,2.6338017736610784,21.317986618699134,21.317986618699134,21.317986618699134,21.317986618699134,21.317986618699134,79.94244982012175
189,Kyle Connor,19.988423983715915,1.305748866326505,1.7537429302422092,11.267774015091604,1.5952414198945608,0.9598773763975724,34.79981594185411,34.79981594185411,34.79981594185411,34.79981594185411,34.79981594185411,130.49930978195292
190,Pavel Zacha,16.21984858710075,0.9872853201262644,1.4472469625807152,7.976671606162049,3.352377223031315,1.0526571869018722,21.351491206287065,21.351491206287065,21.351491206287065,21.351491206287065,21.351491206287065,80.06809202357648
191,Connor McDavid,21.39134368711485,1.7378934572432696,2.570296219697972,11.848282613752565,2.872565695135105,1.2416850030324225,49.56783498063869,49.56783498063869,49.56783498063869,49.56783498063869,49.56783498063869,185.87938117739515
192,Jack Eichel,18.463213808989,1.1806549835813298,1.6180719455097006,9.78657822415094,3.207840952450447,2.703502667173918,29.064913862013984,29.064913862013984,29.064913862013984,29.064913862013984,29.064913862013984,108.99342698255246
193,Jordan Greenway,14.119111384283062,0.5911526571608448,0.6797040928712695,6.543801284280856,7.996104717139131,2.439004228282663,11.128733615425155,11.128733615425155,11.128733615425155,11.128733615425155,11.128733615425155,41.732751057844325
194,Timo Meier,18.9026780371903,1.4897776433541123,1.5196865369830193,12.727319486495162,6.018912455632549,1.805497354303157,37.547716185769204,37.547716185769204,37.547716185769204,37.547716185769204,37.547716185769204,140.8039356966345
195,Mikko Rantanen,21.171321838473528,1.4816512544240794,1.9137909558762816,10.16906919137566,2.5411512193404127,1.488839280911887,41.82468741305361,41.82468741305361,41.82468741305361,41.82468741305361,41.82468741305361,156.84257779895106
196,Sebastian Aho,18.962552899469152,1.3470581960163486,1.5034571497750533,9.830796773007048,2.6757226848996583,0.9952777730848328,34.05821640083133,34.05821640083133,34.05821640083133,34.05821640083133,34.05821640083133,127.71831150311748
197,Evgeny Svechnikov,11.725963675303502,0.6644331720916458,0.8310473430697852,6.435224335431364,8.609863448983347,1.873767727684568,10.388158987484426,10.388158987484426,10.388158987484426,10.388158987484426,10.388158987484426,38.95559620306659
198,Christian Fischer,14.979879243806556,0.5325141447915188,0.6933142958481818,6.023494700371751,6.514440048736997,1.863913092249556,10.635996779461163,10.635996779461163,10.635996779461163,10.635996779461163,10.635996779461163,39.884987922979356
199,Keegan Kolesar,12.439221321100364,0.5662434136979968,0.8252222478830588,5.8646477308779295,17.201776325963646,2.321880290790349,9.391502859473034,9.391502859473034,9.391502859473034,9.391502859473034,9.391502859473034,35.21813572302388
200,Travis Konecny,19.30082075702197,1.22771371518105,1.5514346529307794,9.84189974003305,2.982722027242966,1.74853755355028,31.59450981019596,31.59450981019596,31.59450981019596,31.59450981019596,31.59450981019596,118.47941178823486
201,Dylan Strome,16.742298549186252,0.9831875750550052,1.5779189041045352,6.632010673165193,1.026596529358905,1.8131140313445784,21.947759881895156,21.947759881895156,21.947759881895156,21.947759881895156,21.947759881895156,82.30409955710682
202,Brock Boeser,17.257096576816657,1.0693387209004364,1.4489262426279712,9.224055615158882,2.224427505094134,1.439206881002948,24.604908773211235,24.604908773211235,24.604908773211235,24.604908773211235,24.604908773211235,92.26840789954215
203,Mathew Barzal,18.299787853079323,0.9669128628241194,1.7786818197575751,8.302059127356873,1.6284516987813014,1.5392473312168289,23.592400349459965,23.592400349459965,23.592400349459965,23.592400349459965,23.592400349459965,88.47150131047488
204,Roope Hintz,17.442461010364237,1.4289842037673397,1.7674477700357092,9.667591999331124,2.6218619768899734,2.0901246771286,33.23333501151761,33.23333501151761,33.23333501151761,33.23333501151761,33.23333501151761,124.62500629319105
205,Jack Roslovic,16.27443963231759,0.7933777251288922,1.4061278836865063,6.4279254636019525,2.4064994493162,2.054139357242304,17.215703857647487,17.215703857647487,17.215703857647487,17.215703857647487,17.215703857647487,64.55888946617809
206,Nicolas Roy,16.34590223670746,0.8145221389880272,0.9720912213349624,6.844980934879644,4.431352798415537,2.0365694957653524,17.75213233804285,17.75213233804285,17.75213233804285,17.75213233804285,17.75213233804285,66.57049626766069
207,Anthony Beauvillier,16.374966911612148,0.9138038938135292,1.1365163174459034,8.351802414991432,3.091244566807005,1.28528699996014,19.951344699865178,19.951344699865178,19.951344699865178,19.951344699865178,19.951344699865178,74.81754262449441
208,Daniel Sprong,12.42819357966358,1.3208684970798412,1.6179092883407222,10.264116989585474,2.8401402867895387,1.264636768559238,21.888012499983418,21.888012499983418,21.888012499983418,21.888012499983418,21.888012499983418,82.0800468749378
209,Mathieu Joseph,14.470950839801176,0.5278514221992048,1.0263359624484352,4.9893123242711965,5.993439992790602,1.9450866831237688,10.184682641818437,10.184682641818437,10.184682641818437,10.184682641818437,10.184682641818437,38.192559906819135
210,Lawson Crouse,17.535064577249546,0.935947430313828,1.0796293151137126,7.322667031919688,8.368483540868851,2.2570431392626933,21.882531508618325,21.882531508618325,21.882531508618325,21.882531508618325,21.882531508618325,82.05949315731873
211,Mitchell Marner,20.460397401652404,1.2406019699852582,2.222822614951748,8.678328950094773,2.296535271592759,1.5085485517819133,33.84427909756164,33.84427909756164,33.84427909756164,33.84427909756164,33.84427909756164,126.91604661585615
212,Joel Eriksson Ek,18.5575330321596,0.9716146090388268,1.2319668439864242,8.468581896603908,4.961612613031097,2.055728816704538,24.041026935689153,24.041026935689153,24.041026935689153,24.041026935689153,24.041026935689153,90.15385100883432
213,Denis Gurianov,13.855713608847674,0.6856994962509819,0.907669952862739,7.3491596811289295,3.244431626896788,1.843424985581493,12.6678077890463,12.6678077890463,12.6678077890463,12.6678077890463,12.6678077890463,47.50427920892362
214,Jake DeBrusk,16.588474401844035,1.1890899594880049,1.3180702798768176,9.739634778808316,4.258108025359563,1.3196828603842023,26.300251139275375,26.300251139275375,26.300251139275375,26.300251139275375,26.300251139275375,98.62594177228264
215,Yakov Trenin,15.346145143183248,0.7523899223808295,0.7321465942818842,7.515393783449747,8.46981270181062,1.6126103324506202,15.395046604166115,15.395046604166115,15.395046604166115,15.395046604166115,15.395046604166115,57.73142476562293
216,Anthony Cirelli,16.72873973983817,0.8088587999464186,1.1233023656902468,6.947798319206098,2.5230800622323994,2.729760503089845,18.04158446744195,18.04158446744195,18.04158446744195,18.04158446744195,18.04158446744195,67.65594175290732
217,Evan Rodrigues,17.46225593510351,0.919356419648547,1.1706371777412268,8.935350559902922,2.4428817163746257,1.3921366889532791,21.405382793977804,21.405382793977804,21.405382793977804,21.405382793977804,21.405382793977804,80.27018547741677
218,Artemi Panarin,19.071112889147432,1.2031984896671633,2.324217524770984,8.55267622369205,1.1737761234161772,0.6367692869609186,30.59511229932555,30.59511229932555,30.59511229932555,30.59511229932555,30.59511229932555,114.7316711224708
219,Derek Ryan,12.098043848314918,0.7019772511828525,0.8197931872710352,5.6544968787135375,3.3769687381398765,2.6332200358640767,11.323402087106299,11.323402087106299,11.323402087106299,11.323402087106299,11.323402087106299,42.46275782664862
220,Conor Garland,15.47923244685375,0.9824038450710648,1.4314750674872676,8.911306336714985,2.448585178103264,1.102483499409812,20.27580996605055,20.27580996605055,20.27580996605055,20.27580996605055,20.27580996605055,76.03428737268955
221,Kirill Kaprizov,20.176313871363035,1.5789434450204722,1.947917979067634,12.04476775585182,2.8711078039722087,1.2436304998264962,42.476344709152386,42.476344709152386,42.476344709152386,42.476344709152386,42.476344709152386,159.28629265932145
222,Troy Terry,18.79778257000174,1.2300908553449466,1.6253208691718768,9.61432235253367,0.7145347201779447,1.1637856946811598,30.830640586829023,30.830640586829023,30.830640586829023,30.830640586829023,30.830640586829023,115.61490220060884
223,Mason Appleton,16.012837493898566,0.5539972976505873,0.8755293792195646,5.843956705333618,4.101492290975951,1.1552598449750235,11.828091599117077,11.828091599117077,11.828091599117077,11.828091599117077,11.828091599117077,44.35534349668904
224,Steven Lorentz,12.543096458872997,0.7317046210743644,0.6819081763535084,7.237657525281066,7.278822821659558,2.221544193574916,12.237122188718491,12.237122188718491,12.237122188718491,12.237122188718491,12.237122188718491,45.88920820769435
225,Mason Marchment,15.709399547454332,1.073271953284114,1.3779907871766848,9.598119776742935,5.853581400002296,1.6964732826487483,22.48061058295585,22.48061058295585,22.48061058295585,22.48061058295585,22.48061058295585,84.30228968608446
226,Ryan Lomberg,12.2025264606758,0.8065536527509148,0.8291190007979503,7.8306604441914685,9.523700123121737,1.3174449019906107,13.122656386197013,13.122656386197013,13.122656386197013,13.122656386197013,13.122656386197013,49.20996144823879
227,Matthew Tkachuk,19.56370674825056,1.56744723552782,2.2355198262332205,11.453012077117528,2.939546943334604,1.1321777425815294,40.886770745629725,40.886770745629725,40.886770745629725,40.886770745629725,40.886770745629725,153.3253902961115
228,Auston Matthews,19.69549095796463,1.8003940460212382,2.031363893017847,14.748772885593318,3.0420777895933746,3.070632366602452,47.279526205579536,47.279526205579536,47.279526205579536,47.279526205579536,47.279526205579536,177.29822327092322
229,Alex DeBrincat,18.774933682168243,1.240083384699577,1.5597986431943631,10.477070032819611,3.978263217136256,1.431005280762491,31.043311077457716,31.043311077457716,31.043311077457716,31.043311077457716,31.043311077457716,116.41241654046642
230,Patrik Laine,18.673853948859453,1.2653399652156423,1.821321900877789,9.87288738904018,1.8081848041070865,1.3323571920098087,31.505031608122405,31.505031608122405,31.505031608122405,31.505031608122405,31.505031608122405,118.14386853045902
231,Clayton Keller,20.0021741387702,1.140011940444222,1.700836719810085,8.251962492343791,0.9080613863152648,1.3260693006972644,30.403623137390202,30.403623137390202,30.403623137390202,30.403623137390202,30.403623137390202,114.01358676521325
232,Jesse Puljujarvi,13.32797867555843,0.7849501619995417,0.8786715362253577,8.283455833203757,7.486255378804117,1.4566146177470602,13.949065360674703,13.949065360674703,13.949065360674703,13.949065360674703,13.949065360674703,52.30899510253013
233,Dillon Dube,15.189096105407623,0.9765222534293084,1.2355920566766416,8.504829363371577,5.949848574382662,1.0724967946385764,19.776653808542648,19.776653808542648,19.776653808542648,19.776653808542648,19.776653808542648,74.1624517820349
234,Sam Steel,14.992355201426069,0.6304175779678417,1.0721628382766202,5.83961963904722,2.85172311162774,1.333396701541202,12.60192567215546,12.60192567215546,12.60192567215546,12.60192567215546,12.60192567215546,47.257221270582974
235,Trent Frederic,12.676111459575049,0.8977962156722786,1.0441042280441035,8.053188147352927,7.3247688516910205,2.101956597223848,15.174086530461977,15.174086530461977,15.174086530461977,15.174086530461977,15.174086530461977,56.902824489232415
236,Tyson Jost,13.76587659927129,0.6270360186332476,0.9968168264301104,6.576319696248306,3.6916418450665054,2.038158955227586,11.508933941071547,11.508933941071547,11.508933941071547,11.508933941071547,11.508933941071547,43.1585022790183
237,Jordan Kyrou,17.639297020667918,1.4545589366666656,1.9755867486815104,10.645989578528557,0.7618750701870811,1.4100307998959098,34.209862823906946,34.209862823906946,34.209862823906946,34.209862823906946,34.209862823906946,128.28698558965107
238,Taylor Raddysh,16.18616193672321,0.7855602596159866,0.8636602765362175,6.481541217506299,4.542982794413536,1.6473940180726838,16.95360743093158,16.95360743093158,16.95360743093158,16.95360743093158,16.95360743093158,63.576027865993424
239,Noah Gregor,13.759726076505476,0.8625084234384252,0.8608287774373775,9.199662949098077,7.420298953988192,2.734493908208352,15.823839526921768,15.823839526921768,15.823839526921768,15.823839526921768,15.823839526921768,59.339398225956636
240,Pierre-Luc Dubois,18.18687286176996,1.2239555126517727,1.433551917612108,9.742335930546524,3.504122644961696,1.925247075387064,29.679897729413685,29.679897729413685,29.679897729413685,29.679897729413685,29.679897729413685,111.29961648530134
241,Jesper Bratt,17.24563863923332,1.233995498267784,1.8516181377711125,9.232224888434905,1.2664702675762731,1.1881965828035308,28.374720594089162,28.374720594089162,28.374720594089162,28.374720594089162,28.374720594089162,106.40520222783438
242,Michael McLeod,13.076648514241448,0.5083869415919804,1.0528596373057906,5.821138131772882,7.598670245343291,2.60770606247799,8.863996459238031,8.863996459238031,8.863996459238031,8.863996459238031,8.863996459238031,33.23998672214261
243,Tage Thompson,18.192626833902025,1.5537630715804869,1.935533042170021,11.557771765807503,2.529600420232948,1.1687130123986664,37.6893756660816,37.6893756660816,37.6893756660816,37.6893756660816,37.6893756660816,141.335158747806
244,Ross Colton,13.102074417110972,1.0502205891210554,1.1222965905934932,9.667736700350115,10.067257339860538,1.8256929993717013,18.34675775072826,18.34675775072826,18.34675775072826,18.34675775072826,18.34675775072826,68.80034156523098
245,Brandon Hagel,18.096093226290773,1.0511977349852226,1.3410378610579174,6.989351027241768,2.8482466388759304,1.998543315486499,25.363429615411054,25.363429615411054,25.363429615411054,25.363429615411054,25.363429615411054,95.11286105779146
246,Dylan Gambrell,12.327915510754954,0.4435801386769181,0.5835532443568408,5.302976812606266,5.842671595785815,3.3996087342874874,7.291224629144017,7.291224629144017,7.291224629144017,7.291224629144017,7.291224629144017,27.342092359290056
247,Tanner Jeannot,14.804484773144315,0.6454631827028544,0.8175985870581604,5.6404943272516,14.67572394776196,3.074685484923439,12.740999813266233,12.740999813266233,12.740999813266233,12.740999813266233,12.740999813266233,47.77874929974837
248,Trevor Moore,16.805083895151995,0.7988434019135785,1.060708310035967,8.19958329014252,3.5033377744205207,1.467702675312467,17.899507184328414,17.899507184328414,17.899507184328414,17.899507184328414,17.899507184328414,67.12315194123154
249,Zack MacEwen,12.238607224007538,0.5362112188825957,0.6117699818226356,6.979674303196117,12.84003984431475,2.5499388234629503,8.74997132934723,8.74997132934723,8.74997132934723,8.74997132934723,8.74997132934723,32.812392485052115
250,Zach Aston-Reese,12.068568775107984,0.6253970291317662,0.635957115224483,6.578108534489485,11.911239469502307,2.8179690332084784,10.063529410433244,10.063529410433244,10.063529410433244,10.063529410433244,10.063529410433244,37.73823528912466
251,Kailer Yamamoto,16.60937180404941,0.728247047829576,0.9688436921733012,5.326458637782161,4.749694532478396,1.557208203293816,16.127634643470376,16.127634643470376,16.127634643470376,16.127634643470376,16.127634643470376,60.47862991301391
252,Morgan Geekie,11.68104200122922,0.7332285401456441,1.279028176273121,6.708553625093864,4.127397341320968,2.2451126701669284,11.419831165255005,11.419831165255005,11.419831165255005,11.419831165255005,11.419831165255005,42.82436686970627
253,Michael Rasmussen,15.295815247091712,0.772053377497078,1.0607665976358391,6.86291598746453,7.758201762052696,3.178260891393627,15.745581097451279,15.745581097451279,15.745581097451279,15.745581097451279,15.745581097451279,59.045929115442306
254,Casey Mittelstadt,15.910428232016033,0.7896202378279685,1.545498906653244,7.085301344118801,1.6747987708613492,0.9854231376498198,16.750928166012432,16.750928166012432,16.750928166012432,16.750928166012432,16.750928166012432,62.81598062254663
255,Nico Hischier,18.846166200750147,1.119918500893042,1.672024206534433,8.30700131934691,1.72987693691528,2.2014470975068883,28.141560265500296,28.141560265500296,28.141560265500296,28.141560265500296,28.141560265500296,105.53085099562611
256,Jesper Boqvist,12.5796773507115,0.7250251986203728,1.0224207921577095,6.266475933374768,3.3835531476018987,1.466081427984072,12.16077742637308,12.16077742637308,12.16077742637308,12.16077742637308,12.16077742637308,45.602915348899046
257,Eeli Tolvanen,14.765135169430469,0.9181848915705152,1.067729484843007,7.677398069696966,7.052037117625016,3.006348350407671,18.076165379423355,18.076165379423355,18.076165379423355,18.076165379423355,18.076165379423355,67.78562017283757
258,Elias Pettersson,19.71563040793108,1.3247155746105532,1.978885651216772,9.078685837910893,2.588427517888076,2.605598440951077,34.82347021953562,34.82347021953562,34.82347021953562,34.82347021953562,34.82347021953562,130.5880133232586
259,Owen Tippett,16.92291371173446,1.0137313474162997,1.0880784871634628,8.750695894379184,5.7665586918401,2.339739428464784,22.873717492275127,22.873717492275127,22.873717492275127,22.873717492275127,22.873717492275127,85.77644059603175
260,Nick Suzuki,20.292245635699132,0.8174825023027467,1.3716330589457777,6.48745327028869,2.2523028582938345,1.995529706696905,22.11807431948442,22.11807431948442,22.11807431948442,22.11807431948442,22.11807431948442,82.94277869806659
261,Robert Thomas,18.83428002823693,0.9101077772197518,1.900893652693264,5.16736409496473,0.8688273883925199,1.26363223229604,22.854966309377435,22.854966309377435,22.854966309377435,22.854966309377435,22.854966309377435,85.7061236601654
262,Jason Robertson,18.39918140291909,1.5943429881399651,2.1911446765157274,10.999601912437086,2.330450596831957,0.9706729723634612,39.11280780967906,39.11280780967906,39.11280780967906,39.11280780967906,39.11280780967906,146.6730292862965
263,Morgan Frost,16.164788590227182,0.7928550661596617,1.1194294651844447,7.51074699774825,3.7237627688319472,2.277175208598916,17.088446036215355,17.088446036215355,17.088446036215355,17.088446036215355,17.088446036215355,64.08167263580758
264,Max Comtois,14.306535237925951,0.6213895391604954,0.8201051788426882,6.009687746310482,6.244479741070343,1.6905096408018827,11.853241784637596,11.853241784637596,11.853241784637596,11.853241784637596,11.853241784637596,44.44965669239098
265,Martin Necas,17.905821780167074,0.992420621873384,1.5207250176911784,8.360349721612003,2.464397320503712,0.9721638828251776,23.693475714969857,23.693475714969857,23.693475714969857,23.693475714969857,23.693475714969857,88.85053393113697
266,Ryan Poehling,12.616460080325066,0.6915000793666853,0.7708119906829978,7.109805657614709,4.802241705251625,3.2050686772403947,11.632377529161868,11.632377529161868,11.632377529161868,11.632377529161868,11.632377529161868,43.621415734356994
267,Filip Chytil,14.8660898022544,1.0813162959217513,1.2314049489839454,9.422805247483431,2.029506999255391,1.9781855456851152,21.433260213085134,21.433260213085134,21.433260213085134,21.433260213085134,21.433260213085134,80.37472579906925
268,Alex Iafallo,16.552678922462942,0.8793639176256275,1.1669385923846096,7.972530005775213,1.9110038819424875,2.0555349041055373,19.40777144594155,19.40777144594155,19.40777144594155,19.40777144594155,19.40777144594155,72.7791429222808
269,David Kampf,15.520088195375108,0.5374287093506117,0.8715418465738254,5.330665783156986,3.615448636655824,1.3967397572051066,11.121254623797478,11.121254623797478,11.121254623797478,11.121254623797478,11.121254623797478,41.70470483924055
270,Eetu Luostarinen,15.85488363365805,0.7657207106506523,1.1422744100711586,6.543617728249017,3.739126070725832,2.3432108089887693,16.18721701766405,16.18721701766405,16.18721701766405,16.18721701766405,16.18721701766405,60.70206381624018
271,Drake Batherson,18.3015403558283,1.0828161984242175,1.576473743815255,8.74355383450811,4.849725930910951,1.3261010885634252,26.422939137873872,26.422939137873872,26.422939137873872,26.422939137873872,26.422939137873872,99.08602176702702
272,Pius Suter,14.748418335007106,0.7418962214257414,0.81376895972482,7.104736844802545,1.958616690801012,1.8500053384935555,14.589061112997195,14.589061112997195,14.589061112997195,14.589061112997195,14.589061112997195,54.708979173739486
273,Eric Robinson,14.386192867698092,0.7370800813554558,0.9266012940437972,7.139022738297356,6.759328455334039,1.7069128412827972,14.138368279090916,14.138368279090916,14.138368279090916,14.138368279090916,14.138368279090916,53.018881046590934
274,Joel Farabee,16.99575098182309,0.7110608413981904,1.0643696201067154,6.0759922622832425,3.32181026762098,1.9512792108378296,16.11335065777233,16.11335065777233,16.11335065777233,16.11335065777233,16.11335065777233,60.42506496664625
275,Philipp Kurashev,16.86574796843002,0.5235838226643598,0.8753969537223014,6.030956285366867,2.0851138300046026,1.805204892703639,11.774177057872334,11.774177057872334,11.774177057872334,11.774177057872334,11.774177057872334,44.15316396702124
276,Brady Tkachuk,18.30919649477601,1.3607742807353145,1.5626040414284057,11.539419721346931,9.362294380749857,0.7291930601333783,33.21957825469382,33.21957825469382,33.21957825469382,33.21957825469382,33.21957825469382,124.57341845510183
277,Ryan McLeod,14.458691137748003,0.7452388693841893,0.9932924751386236,6.455553816367137,2.733957066398032,1.5693325849885815,14.36690484836069,14.36690484836069,14.36690484836069,14.36690484836069,14.36690484836069,53.87589318135259
278,Isac Lundestrom,14.818409227814293,0.4848004404689061,0.7831702575041896,3.723188032914524,1.6727801892724357,2.707813273826228,9.578628427590495,9.578628427590495,9.578628427590495,9.578628427590495,9.578628427590495,35.91985660346436
279,Joe Veleno,13.455475836549208,0.5238553692261986,0.7540827603218999,5.135586489706121,8.281685012821814,2.200992511174531,9.398297683292904,9.398297683292904,9.398297683292904,9.398297683292904,9.398297683292904,35.243616312348394
280,Jesperi Kotkaniemi,14.799218693408832,0.8679381646714462,1.2538110624002687,6.578103527890298,5.171255906148989,1.160511412158209,17.12640894843816,17.12640894843816,17.12640894843816,17.12640894843816,17.12640894843816,64.2240335566431
281,Andrei Svechnikov,17.73493539452562,1.3405192865894515,1.6570503117675075,11.252467078579375,7.252565008000184,0.9330028294164484,31.69869725703933,31.69869725703933,31.69869725703933,31.69869725703933,31.69869725703933,118.8701147138975
282,Rasmus Kupari,11.337802966763714,0.4843189656417788,0.900505389507763,5.129391204252082,6.60764708486513,2.434626860495997,7.321484007351058,7.321484007351058,7.321484007351058,7.321484007351058,7.321484007351058,27.455565027566468
283,Barrett Hayton,17.222197059900733,0.737943093327679,1.0134298688676555,6.02075660399555,3.9206535775253735,1.6270044604051386,16.945335163042675,16.945335163042675,16.945335163042675,16.945335163042675,16.945335163042675,63.54500686141003
284,Yegor Sharangovich,14.974411500377949,0.9132819213788428,1.096074092440984,8.124646768745105,1.4690965637290736,1.89872856573778,18.234479075443485,18.234479075443485,18.234479075443485,18.234479075443485,18.234479075443485,68.37929653291306
285,Logan O'Connor,14.574520976468422,0.5934441113578108,0.8884185273422921,6.441555515732676,5.6144930126023525,2.640061062509496,11.532218199128101,11.532218199128101,11.532218199128101,11.532218199128101,11.532218199128101,43.24581824673037
286,Nico Sturm,14.784019973505018,0.6450160822198274,0.8017359930935957,6.28884973088838,5.653518603137183,2.237527780991668,12.714574190359846,12.714574190359846,12.714574190359846,12.714574190359846,12.714574190359846,47.67965321384943
287,Blake Lizotte,13.483333640632502,0.7009456917240328,1.1457581020212826,6.220825417842914,5.2571734864626425,1.7607255109773678,12.601446167305427,12.601446167305427,12.601446167305427,12.601446167305427,12.601446167305427,47.25542312739535
288,Peyton Krebs,14.36382108302937,0.608921747137451,1.0734989404504416,4.844647422286836,4.364644009065426,1.0728528319704165,11.661924039263996,11.661924039263996,11.661924039263996,11.661924039263996,11.661924039263996,43.732215147239984
289,Kirby Dach,18.137933948595048,0.70868985200049,1.1077951029468058,6.20026654472742,2.849608452846617,2.069150196262019,17.138892967499316,17.138892967499316,17.138892967499316,17.138892967499316,17.138892967499316,64.27084862812244
290,Dylan Cozens,16.459795132104716,1.108590808634816,1.50452082403845,8.719511100702928,2.3572848736445904,1.314787330532857,24.329570127284498,24.329570127284498,24.329570127284498,24.329570127284498,24.329570127284498,91.23588797731688
291,Trevor Zegras,18.371662943734112,1.0107490196535234,1.6517519153168918,8.258689458685236,2.132021592510668,1.2414910904334218,24.758853746378957,24.758853746378957,24.758853746378957,24.758853746378957,24.758853746378957,92.8457015489211
292,Cole Caufield,17.682910304956863,1.374669031989515,1.3053228212473624,10.501365947758586,1.4048547161981897,0.8417139293738649,32.41086558889662,32.41086558889662,32.41086558889662,32.41086558889662,32.41086558889662,121.54074595836232
293,Kaapo Kakko,15.536196436177296,0.7823611981883499,1.098460347280072,6.153033230243625,1.3014749479367709,1.371810707018056,16.20655634546299,16.20655634546299,16.20655634546299,16.20655634546299,16.20655634546299,60.77458629548621
294,Matt Boldy,17.89692809628808,1.2300585448903685,1.6320854739926849,9.569649598568358,2.504432441971125,1.4142142550835752,29.352359109503556,29.352359109503556,29.352359109503556,29.352359109503556,29.352359109503556,110.07134666063833
295,Jack Hughes,19.368194441052115,1.563396140740565,2.077777911242695,11.664096332696236,0.6987866292389693,1.1733160806504936,40.37354725633832,40.37354725633832,40.37354725633832,40.37354725633832,40.37354725633832,151.40080221126865
296,Arthur Kaliyev,12.589043617845126,1.1553396452079363,1.2963938429088562,10.590138288497862,3.1945602836069504,0.9677547271723508,19.392828249264568,19.392828249264568,19.392828249264568,19.392828249264568,19.392828249264568,72.72310593474214
297,Alex Newhook,14.359963209492024,0.7866928219088164,1.10954983378362,6.988626958243581,3.016076662056147,1.6715792057298933,15.062506639709419,15.062506639709419,15.062506639709419,15.062506639709419,15.062506639709419,56.484399898910326
298,Ilya Mikheyev,16.709405620368535,1.0290529167778244,1.198477451079541,8.933528917550692,1.9425158365476816,1.2454138718877306,22.926483455018683,22.926483455018683,22.926483455018683,22.926483455018683,22.926483455018683,85.97431295632006
299,Lucas Raymond,17.318699046374263,0.8651245191914766,1.320932209451152,7.190851745487559,2.264350296365844,1.0501935280431187,19.977108247355226,19.977108247355226,19.977108247355226,19.977108247355226,19.977108247355226,74.91415592758209
300,Seth Jarvis,16.056975336622216,0.9056321269216197,1.2086558357099049,7.680628175681781,3.5992999839445123,1.8708494824934576,19.388950301377555,19.388950301377555,19.388950301377555,19.388950301377555,19.388950301377555,72.70856363016584
301,Alexis Lafrenire,15.338614270676798,0.7898885862027643,1.0986530585563994,5.94611739794835,6.329196116343246,1.426726461976342,16.15439512076592,16.15439512076592,16.15439512076592,16.15439512076592,16.15439512076592,60.57898170287219
302,Dawson Mercer,16.565959111168823,0.9469943823959872,1.2318969788158347,7.136874705187174,1.6425817699036973,2.2828146009801022,20.917160289704665,20.917160289704665,20.917160289704665,20.917160289704665,20.917160289704665,78.43935108639249
303,Anton Lundell,16.351387652453177,0.8523274405696308,1.2393932847551543,7.136977248795679,1.6533634711972305,2.12478121128602,18.582315183436375,18.582315183436375,18.582315183436375,18.582315183436375,18.582315183436375,69.6836819378864
304,Tim Sttzle,20.225519466057825,1.2159242075805947,1.7087611233749007,8.84875116378942,4.33798563363372,1.8802845048643089,32.79026497289634,32.79026497289634,32.79026497289634,32.79026497289634,32.79026497289634,122.96349364836128
305,Alexander Barabanov,17.731398723444133,0.7567061591356641,1.3650163177868877,6.2736384546429,2.266929568380774,1.8442356092456904,17.889944832160573,17.889944832160573,17.889944832160573,17.889944832160573,17.889944832160573,67.08729312060215
306,Cole Sillinger,13.894882808732673,0.6073962295398977,0.7378455287860575,7.32175101444562,6.576952026531847,2.38995675157276,11.252932570563958,11.252932570563958,11.252932570563958,11.252932570563958,11.252932570563958,42.198497139614844
